date,city,avg_max_temp_c,total_precip_mm,new_cases,total_upt,gas_price,unemp_rate,retail_and_recreation_mob,grocery_and_pharmacy_mob,parks_mob,transit_stations_mob,workplaces_mob,residential_mob,year,pct_bicycle,pct_carpool,pct_drove_alone,pct_other,pct_public_transit,pct_taxi_or_ride_share,pct_total,pct_walked,pct_work_from_home
2014-01-01,Seattle,8.012903225806452,127.1,NA,13039455,3.39975,5.4,NA,NA,NA,NA,NA,NA,2014,0.01720400813260303,0.09005780995884917,0.6371226268786396,0.00726743249598938,0.1325873845250444,0.00313302181058103,1,0.04763316032990609,0.06417816622503085
2014-01-01,Portland,9.64516129032258,87.3,NA,8397966,3.357,6.7,NA,NA,NA,NA,NA,NA,2014,0.05932934040361652,0.09774793677437404,0.5955518254301301,0.00772644616538867,0.11107465761263496,0.00490341942293264,1,0.04989890512341204,0.07376746906751103
2014-01-01,Vancouver,7.770967741935484,175.9,NA,NA,129.8,6.5,NA,NA,NA,NA,NA,NA,2014,NA,NA,NA,NA,NA,NA,NA,NA,NA
2014-02-01,Seattle,6.482142857142858,165.3,NA,12052990,3.3765,5.4,NA,NA,NA,NA,NA,NA,2014,0.01720400813260303,0.09005780995884917,0.6371226268786396,0.00726743249598938,0.1325873845250444,0.00313302181058103,1,0.04763316032990609,0.06417816622503085
2014-02-01,Portland,7.482142857142857,183.1,NA,7642856,3.37725,6.8,NA,NA,NA,NA,NA,NA,2014,0.05932934040361652,0.09774793677437404,0.5955518254301301,0.00772644616538867,0.11107465761263496,0.00490341942293264,1,0.04989890512341204,0.07376746906751103
2014-02-01,Vancouver,4.65,196.1,NA,NA,131.6,6.4,NA,NA,NA,NA,NA,NA,2014,NA,NA,NA,NA,NA,NA,NA,NA,NA
2014-03-01,Seattle,10.896774193548389,262.2,NA,13077227,3.6124,5.3,NA,NA,NA,NA,NA,NA,2014,0.01720400813260303,0.09005780995884917,0.6371226268786396,0.00726743249598938,0.1325873845250444,0.00313302181058103,1,0.04763316032990609,0.06417816622503085
2014-03-01,Portland,13,223.6,NA,8507240,3.5828,6.8,NA,NA,NA,NA,NA,NA,2014,0.05932934040361652,0.09774793677437404,0.5955518254301301,0.00772644616538867,0.11107465761263496,0.00490341942293264,1,0.04989890512341204,0.07376746906751103
2014-03-01,Vancouver,8.53225806451613,359.49999999999994,NA,NA,141.9,6.1,NA,NA,NA,NA,NA,NA,2014,NA,NA,NA,NA,NA,NA,NA,NA,NA
2014-04-01,Seattle,13.823333333333334,133.60000000000002,NA,13496516,3.824,5.3,NA,NA,NA,NA,NA,NA,2014,0.01720400813260303,0.09005780995884917,0.6371226268786396,0.00726743249598938,0.1325873845250444,0.00313302181058103,1,0.04763316032990609,0.06417816622503085
2014-04-01,Portland,15.266666666666667,150.2,NA,8854424,3.7495,5.8,NA,NA,NA,NA,NA,NA,2014,0.05932934040361652,0.09774793677437404,0.5955518254301301,0.00772644616538867,0.11107465761263496,0.00490341942293264,1,0.04989890512341204,0.07376746906751103
2014-04-01,Vancouver,12.436666666666667,194.6,NA,NA,147.2,5.9,NA,NA,NA,NA,NA,NA,2014,NA,NA,NA,NA,NA,NA,NA,NA,NA
2014-05-01,Seattle,17.961290322580645,90.09999999999998,NA,13693906,3.9037499999999996,5.3,NA,NA,NA,NA,NA,NA,2014,0.01720400813260303,0.09005780995884917,0.6371226268786396,0.00726743249598938,0.1325873845250444,0.00313302181058103,1,0.04763316032990609,0.06417816622503085
2014-05-01,Portland,19.229032258064517,91,NA,9043017,3.82825,5.8,NA,NA,NA,NA,NA,NA,2014,0.05932934040361652,0.09774793677437404,0.5955518254301301,0.00772644616538867,0.11107465761263496,0.00490341942293264,1,0.04989890512341204,0.07376746906751103
2014-05-01,Vancouver,16.838709677419356,120.8,NA,NA,149.1,5.8,NA,NA,NA,NA,NA,NA,2014,NA,NA,NA,NA,NA,NA,NA,NA,NA
2014-06-01,Seattle,19.53333333333333,49.30000000000001,NA,13232776,3.9724,5.2,NA,NA,NA,NA,NA,NA,2014,0.01720400813260303,0.09005780995884917,0.6371226268786396,0.00726743249598938,0.1325873845250444,0.00313302181058103,1,0.04763316032990609,0.06417816622503085
2014-06-01,Portland,21.6,33.4,NA,8806989,3.8930000000000002,5.9,NA,NA,NA,NA,NA,NA,2014,0.05932934040361652,0.09774793677437404,0.5955518254301301,0.00772644616538867,0.11107465761263496,0.00490341942293264,1,0.04989890512341204,0.07376746906751103
2014-06-01,Vancouver,18.733333333333334,63.7,NA,NA,152.3,5.9,NA,NA,NA,NA,NA,NA,2014,NA,NA,NA,NA,NA,NA,NA,NA,NA
2014-07-01,Seattle,25.225806451612904,29.9,NA,13754793,3.9805,5.1,NA,NA,NA,NA,NA,NA,2014,0.01720400813260303,0.09005780995884917,0.6371226268786396,0.00726743249598938,0.1325873845250444,0.00313302181058103,1,0.04763316032990609,0.06417816622503085
2014-07-01,Portland,28.806451612903224,20,NA,8745898,3.9055,6.3,NA,NA,NA,NA,NA,NA,2014,0.05932934040361652,0.09774793677437404,0.5955518254301301,0.00772644616538867,0.11107465761263496,0.00490341942293264,1,0.04989890512341204,0.07376746906751103
2014-07-01,Vancouver,23.503225806451617,54.5,NA,NA,146.1,5.9,NA,NA,NA,NA,NA,NA,2014,NA,NA,NA,NA,NA,NA,NA,NA,NA
2014-08-01,Seattle,25.280645161290323,30.799999999999997,NA,13269809,3.90975,5,NA,NA,NA,NA,NA,NA,2014,0.01720400813260303,0.09005780995884917,0.6371226268786396,0.00726743249598938,0.1325873845250444,0.00313302181058103,1,0.04763316032990609,0.06417816622503085
2014-08-01,Portland,28.95806451612903,7.199999999999999,NA,8581102,3.8362499999999997,6.3,NA,NA,NA,NA,NA,NA,2014,0.05932934040361652,0.09774793677437404,0.5955518254301301,0.00772644616538867,0.11107465761263496,0.00490341942293264,1,0.04989890512341204,0.07376746906751103
2014-08-01,Vancouver,23.89677419354839,23.8,NA,NA,143.6,5.8,NA,NA,NA,NA,NA,NA,2014,NA,NA,NA,NA,NA,NA,NA,NA,NA
2014-09-01,Seattle,21.926666666666662,56.099999999999994,NA,13332724,3.8172,4.8,NA,NA,NA,NA,NA,NA,2014,0.01720400813260303,0.09005780995884917,0.6371226268786396,0.00726743249598938,0.1325873845250444,0.00313302181058103,1,0.04763316032990609,0.06417816622503085
2014-09-01,Portland,25.956666666666667,31.9,NA,8425252,3.7286,5.6,NA,NA,NA,NA,NA,NA,2014,0.05932934040361652,0.09774793677437404,0.5955518254301301,0.00772644616538867,0.11107465761263496,0.00490341942293264,1,0.04989890512341204,0.07376746906751103
2014-09-01,Vancouver,20.443333333333335,115.30000000000004,NA,NA,141.9,5.8,NA,NA,NA,NA,NA,NA,2014,NA,NA,NA,NA,NA,NA,NA,NA,NA
2014-10-01,Seattle,16.974193548387095,192.80000000000004,NA,14520045,3.4625,4.7,NA,NA,NA,NA,NA,NA,2014,0.01720400813260303,0.09005780995884917,0.6371226268786396,0.00726743249598938,0.1325873845250444,0.00313302181058103,1,0.04763316032990609,0.06417816622503085
2014-10-01,Portland,19.25161290322581,166.39999999999998,NA,9230735,3.4370000000000003,5.5,NA,NA,NA,NA,NA,NA,2014,0.05932934040361652,0.09774793677437404,0.5955518254301301,0.00772644616538867,0.11107465761263496,0.00490341942293264,1,0.04989890512341204,0.07376746906751103
2014-10-01,Vancouver,14.874193548387096,406.2999999999999,NA,NA,131.6,6,NA,NA,NA,NA,NA,NA,2014,NA,NA,NA,NA,NA,NA,NA,NA,NA
2014-11-01,Seattle,9.55,198.7,NA,12362324,3.11275,4.6,NA,NA,NA,NA,NA,NA,2014,0.01720400813260303,0.09005780995884917,0.6371226268786396,0.00726743249598938,0.1325873845250444,0.00313302181058103,1,0.04763316032990609,0.06417816622503085
2014-11-01,Portland,10.353333333333332,121.1,NA,7698724,3.1395,5.5,NA,NA,NA,NA,NA,NA,2014,0.05932934040361652,0.09774793677437404,0.5955518254301301,0.00772644616538867,0.11107465761263496,0.00490341942293264,1,0.04989890512341204,0.07376746906751103
2014-11-01,Vancouver,8.673333333333334,349.99999999999994,NA,NA,128,5.9,NA,NA,NA,NA,NA,NA,2014,NA,NA,NA,NA,NA,NA,NA,NA,NA
2014-12-01,Seattle,8.080645161290322,179.70000000000002,NA,12450491,2.8684,4.5,NA,NA,NA,NA,NA,NA,2014,0.01720400813260303,0.09005780995884917,0.6371226268786396,0.00726743249598938,0.1325873845250444,0.00313302181058103,1,0.04763316032990609,0.06417816622503085
2014-12-01,Portland,9.40967741935484,192.3,NA,8121324,2.829,5.2,NA,NA,NA,NA,NA,NA,2014,0.05932934040361652,0.09774793677437404,0.5955518254301301,0.00772644616538867,0.11107465761263496,0.00490341942293264,1,0.04989890512341204,0.07376746906751103
2014-12-01,Vancouver,6.922580645161291,320.79999999999995,NA,NA,112.8,5.8,NA,NA,NA,NA,NA,NA,2014,NA,NA,NA,NA,NA,NA,NA,NA,NA
2015-01-01,Seattle,9.180645161290322,158.2,NA,13143615,2.4095,4.5,NA,NA,NA,NA,NA,NA,2015,0.01774020534759743,0.08967750230856449,0.6389126414023844,0.00734964209382977,0.1263915451242309,0.00469085916362979,1,0.05158776186584161,0.06291883473915244
2015-01-01,Portland,11.103225806451611,80.49999999999999,NA,8238882,2.35675,5.9,NA,NA,NA,NA,NA,NA,2015,0.05751177422691703,0.08733007995521534,0.5989582699492522,0.00692458409901303,0.12375412250063891,0.0045198427669129,1,0.05407260469021918,0.06622531063270497
2015-01-01,Vancouver,8.474193548387097,200.50000000000003,NA,NA,102.9,5.9,NA,NA,NA,NA,NA,NA,2015,NA,NA,NA,NA,NA,NA,NA,NA,NA
2015-02-01,Seattle,11.082142857142856,125.3,NA,12386479,2.37275,4.4,NA,NA,NA,NA,NA,NA,2015,0.01774020534759743,0.08967750230856449,0.6389126414023844,0.00734964209382977,0.1263915451242309,0.00469085916362979,1,0.05158776186584161,0.06291883473915244
2015-02-01,Portland,13.25,133,NA,7991551,2.31225,5.6,NA,NA,NA,NA,NA,NA,2015,0.05751177422691703,0.08733007995521534,0.5989582699492522,0.00692458409901303,0.12375412250063891,0.0045198427669129,1,0.05407260469021918,0.06622531063270497
2015-02-01,Vancouver,10.464285714285714,197.59999999999997,NA,NA,117.2,5.9,NA,NA,NA,NA,NA,NA,2015,NA,NA,NA,NA,NA,NA,NA,NA,NA
2015-03-01,Seattle,13.180645161290323,145.7,NA,13613926,2.8932,4.4,NA,NA,NA,NA,NA,NA,2015,0.01774020534759743,0.08967750230856449,0.6389126414023844,0.00734964209382977,0.1263915451242309,0.00469085916362979,1,0.05158776186584161,0.06291883473915244
2015-03-01,Portland,15.583870967741936,126,NA,8739215,2.7326,5.5,NA,NA,NA,NA,NA,NA,2015,0.05751177422691703,0.08733007995521534,0.5989582699492522,0.00692458409901303,0.12375412250063891,0.0045198427669129,1,0.05407260469021918,0.06622531063270497
2015-03-01,Vancouver,11.72258064516129,247.00000000000003,NA,NA,124.6,5.9,NA,NA,NA,NA,NA,NA,2015,NA,NA,NA,NA,NA,NA,NA,NA,NA
2015-04-01,Seattle,13.613333333333332,71.3,NA,13765579,2.79575,4.4,NA,NA,NA,NA,NA,NA,2015,0.01774020534759743,0.08967750230856449,0.6389126414023844,0.00734964209382977,0.1263915451242309,0.00469085916362979,1,0.05158776186584161,0.06291883473915244
2015-04-01,Portland,15.423333333333334,68.4,NA,8804814,2.7195,5.1,NA,NA,NA,NA,NA,NA,2015,0.05751177422691703,0.08733007995521534,0.5989582699492522,0.00692458409901303,0.12375412250063891,0.0045198427669129,1,0.05407260469021918,0.06622531063270497
2015-04-01,Vancouver,12.336666666666666,109.4,NA,NA,123.6,5.8,NA,NA,NA,NA,NA,NA,2015,NA,NA,NA,NA,NA,NA,NA,NA,NA
2015-05-01,Seattle,18.21290322580645,27.300000000000004,NA,13530132,3.0515,4.3,NA,NA,NA,NA,NA,NA,2015,0.01774020534759743,0.08967750230856449,0.6389126414023844,0.00734964209382977,0.1263915451242309,0.00469085916362979,1,0.05158776186584161,0.06291883473915244
2015-05-01,Portland,19.95806451612903,13.4,NA,8590431,3.0162500000000003,5.2,NA,NA,NA,NA,NA,NA,2015,0.05751177422691703,0.08733007995521534,0.5989582699492522,0.00692458409901303,0.12375412250063891,0.0045198427669129,1,0.05407260469021918,0.06622531063270497
2015-05-01,Vancouver,18.44516129032258,18.499999999999996,NA,NA,133,5.8,NA,NA,NA,NA,NA,NA,2015,NA,NA,NA,NA,NA,NA,NA,NA,NA
2015-06-01,Seattle,24.233333333333334,9.3,NA,13789927,3.1242,4.3,NA,NA,NA,NA,NA,NA,2015,0.01774020534759743,0.08967750230856449,0.6389126414023844,0.00734964209382977,0.1263915451242309,0.00469085916362979,1,0.05158776186584161,0.06291883473915244
2015-06-01,Portland,27.246666666666663,14.9,NA,8442529,3.0974,5.4,NA,NA,NA,NA,NA,NA,2015,0.05751177422691703,0.08733007995521534,0.5989582699492522,0.00692458409901303,0.12375412250063891,0.0045198427669129,1,0.05407260469021918,0.06622531063270497
2015-06-01,Vancouver,23.21,12.8,NA,NA,135.1,5.8,NA,NA,NA,NA,NA,NA,2015,NA,NA,NA,NA,NA,NA,NA,NA,NA
2015-07-01,Seattle,26.24516129032258,10.3,NA,13980950,3.18175,4.3,NA,NA,NA,NA,NA,NA,2015,0.01774020534759743,0.08967750230856449,0.6389126414023844,0.00734964209382977,0.1263915451242309,0.00469085916362979,1,0.05158776186584161,0.06291883473915244
2015-07-01,Portland,29.81935483870968,6.2,NA,8642576,3.143,5.6,NA,NA,NA,NA,NA,NA,2015,0.05751177422691703,0.08733007995521534,0.5989582699492522,0.00692458409901303,0.12375412250063891,0.0045198427669129,1,0.05407260469021918,0.06622531063270497
2015-07-01,Vancouver,24.470967741935485,29.000000000000004,NA,NA,135.5,5.6,NA,NA,NA,NA,NA,NA,2015,NA,NA,NA,NA,NA,NA,NA,NA,NA
2015-08-01,Seattle,25.14516129032258,55.7,NA,13514698,3.0762,4.4,NA,NA,NA,NA,NA,NA,2015,0.01774020534759743,0.08967750230856449,0.6389126414023844,0.00734964209382977,0.1263915451242309,0.00469085916362979,1,0.05158776186584161,0.06291883473915244
2015-08-01,Portland,28.751612903225805,26.1,NA,8410145,3.028,5.1,NA,NA,NA,NA,NA,NA,2015,0.05751177422691703,0.08733007995521534,0.5989582699492522,0.00692458409901303,0.12375412250063891,0.0045198427669129,1,0.05407260469021918,0.06622531063270497
2015-08-01,Vancouver,22.848387096774193,169,NA,NA,130.6,5.6,NA,NA,NA,NA,NA,NA,2015,NA,NA,NA,NA,NA,NA,NA,NA,NA
2015-09-01,Seattle,18.88,38,NA,13144763,2.7605,4.5,NA,NA,NA,NA,NA,NA,2015,0.01774020534759743,0.08967750230856449,0.6389126414023844,0.00734964209382977,0.1263915451242309,0.00469085916362979,1,0.05158776186584161,0.06291883473915244
2015-09-01,Portland,22.703333333333333,24.799999999999997,NA,8531987,2.74225,4.8,NA,NA,NA,NA,NA,NA,2015,0.05751177422691703,0.08733007995521534,0.5989582699492522,0.00692458409901303,0.12375412250063891,0.0045198427669129,1,0.05407260469021918,0.06622531063270497
2015-09-01,Vancouver,16.98,175.2,NA,NA,118.2,5.7,NA,NA,NA,NA,NA,NA,2015,NA,NA,NA,NA,NA,NA,NA,NA,NA
2015-10-01,Seattle,16.822580645161292,132,NA,14541241,2.52625,4.6,NA,NA,NA,NA,NA,NA,2015,0.01774020534759743,0.08967750230856449,0.6389126414023844,0.00734964209382977,0.1263915451242309,0.00469085916362979,1,0.05158776186584161,0.06291883473915244
2015-10-01,Portland,20.01290322580645,104.4,NA,8992869,2.5015,4.6,NA,NA,NA,NA,NA,NA,2015,0.05751177422691703,0.08733007995521534,0.5989582699492522,0.00692458409901303,0.12375412250063891,0.0045198427669129,1,0.05407260469021918,0.06622531063270497
2015-10-01,Vancouver,15.570967741935483,194.8,NA,NA,116.6,5.6,NA,NA,NA,NA,NA,NA,2015,NA,NA,NA,NA,NA,NA,NA,NA,NA
2015-11-01,Seattle,8.683333333333334,234,NA,12861741,2.4792,4.6,NA,NA,NA,NA,NA,NA,2015,0.01774020534759743,0.08967750230856449,0.6389126414023844,0.00734964209382977,0.1263915451242309,0.00469085916362979,1,0.05158776186584161,0.06291883473915244
2015-11-01,Portland,10.143333333333333,160,NA,8024096,2.4244,4.5,NA,NA,NA,NA,NA,NA,2015,0.05751177422691703,0.08733007995521534,0.5989582699492522,0.00692458409901303,0.12375412250063891,0.0045198427669129,1,0.05407260469021918,0.06622531063270497
2015-11-01,Vancouver,8.256666666666666,291.2,NA,NA,124.7,5.5,NA,NA,NA,NA,NA,NA,2015,NA,NA,NA,NA,NA,NA,NA,NA,NA
2015-12-01,Seattle,6.554838709677419,279.40000000000003,NA,12663758,2.4565,4.6,NA,NA,NA,NA,NA,NA,2015,0.01774020534759743,0.08967750230856449,0.6389126414023844,0.00734964209382977,0.1263915451242309,0.00469085916362979,1,0.05158776186584161,0.06291883473915244
2015-12-01,Portland,7.651612903225806,387.6999999999999,NA,8032952,2.35375,4.6,NA,NA,NA,NA,NA,NA,2015,0.05751177422691703,0.08733007995521534,0.5989582699492522,0.00692458409901303,0.12375412250063891,0.0045198427669129,1,0.05407260469021918,0.06622531063270497
2015-12-01,Vancouver,5.816129032258065,462.4,NA,NA,122.9,5.5,NA,NA,NA,NA,NA,NA,2015,NA,NA,NA,NA,NA,NA,NA,NA,NA
2016-01-01,Seattle,7.190322580645161,159.40000000000003,NA,13120012,2.423,4.6,NA,NA,NA,NA,NA,NA,2016,0.01612817517459703,0.09019721602991124,0.6246205122442242,0.00660232470823544,0.13080861272779065,0.00301586596383574,1,0.05570379352730003,0.07098958210830113
2016-01-01,Portland,8.319354838709678,203.1,NA,8264665,2.2935,4.8,NA,NA,NA,NA,NA,NA,2016,0.05217897717932942,0.08661193588232255,0.6117996815720385,0.00628871741162215,0.11558277483197994,0.00180113751109566,1,0.05114807839527336,0.0740227596150685
2016-01-01,Vancouver,6.732258064516129,311.8999999999999,NA,NA,110.7,5.6,NA,NA,NA,NA,NA,NA,2016,NA,NA,NA,NA,NA,NA,NA,NA,NA
2016-02-01,Seattle,10.741379310344827,162.2,NA,13106165,2.11,4.5,NA,NA,NA,NA,NA,NA,2016,0.01612817517459703,0.09019721602991124,0.6246205122442242,0.00660232470823544,0.13080861272779065,0.00301586596383574,1,0.05570379352730003,0.07098958210830113
2016-02-01,Portland,12.272413793103448,129.1,NA,8289578,2.0222,4.9,NA,NA,NA,NA,NA,NA,2016,0.05217897717932942,0.08661193588232255,0.6117996815720385,0.00628871741162215,0.11558277483197994,0.00180113751109566,1,0.05114807839527336,0.0740227596150685
2016-02-01,Vancouver,9.458620689655172,254.6,NA,NA,105.9,6,NA,NA,NA,NA,NA,NA,2016,NA,NA,NA,NA,NA,NA,NA,NA,NA
2016-03-01,Seattle,11.809677419354838,194.7,NA,14528970,2.23025,4.4,NA,NA,NA,NA,NA,NA,2016,0.01612817517459703,0.09019721602991124,0.6246205122442242,0.00660232470823544,0.13080861272779065,0.00301586596383574,1,0.05570379352730003,0.07098958210830113
2016-03-01,Portland,12.670967741935485,210.1,NA,8786848,2.12575,4.9,NA,NA,NA,NA,NA,NA,2016,0.05217897717932942,0.08661193588232255,0.6117996815720385,0.00628871741162215,0.11558277483197994,0.00180113751109566,1,0.05114807839527336,0.0740227596150685
2016-03-01,Vancouver,10.680645161290322,353.6,NA,NA,112.9,6,NA,NA,NA,NA,NA,NA,2016,NA,NA,NA,NA,NA,NA,NA,NA,NA
2016-04-01,Seattle,16.956666666666667,41.7,NA,14385079,2.31,4.3,NA,NA,NA,NA,NA,NA,2016,0.01612817517459703,0.09019721602991124,0.6246205122442242,0.00660232470823544,0.13080861272779065,0.00301586596383574,1,0.05570379352730003,0.07098958210830113
2016-04-01,Portland,18.393333333333334,58.400000000000006,NA,8633877,2.284,4.5,NA,NA,NA,NA,NA,NA,2016,0.05217897717932942,0.08661193588232255,0.6117996815720385,0.00628871741162215,0.11558277483197994,0.00180113751109566,1,0.05114807839527336,0.0740227596150685
2016-04-01,Vancouver,15.693333333333332,79.40000000000002,NA,NA,114.7,5.8,NA,NA,NA,NA,NA,NA,2016,NA,NA,NA,NA,NA,NA,NA,NA,NA
2016-05-01,Seattle,18.938709677419354,45.99999999999999,NA,14818307,2.5180000000000002,4.3,NA,NA,NA,NA,NA,NA,2016,0.01612817517459703,0.09019721602991124,0.6246205122442242,0.00660232470823544,0.13080861272779065,0.00301586596383574,1,0.05570379352730003,0.07098958210830113
2016-05-01,Portland,20.983870967741936,24.799999999999997,NA,8475434,2.4346,4.3,NA,NA,NA,NA,NA,NA,2016,0.05217897717932942,0.08661193588232255,0.6117996815720385,0.00628871741162215,0.11558277483197994,0.00180113751109566,1,0.05114807839527336,0.0740227596150685
2016-05-01,Vancouver,18.161290322580644,65.7,NA,NA,120,5.4,NA,NA,NA,NA,NA,NA,2016,NA,NA,NA,NA,NA,NA,NA,NA,NA
2016-06-01,Seattle,20.926666666666662,59.80000000000001,NA,14673134,2.62325,4.2,NA,NA,NA,NA,NA,NA,2016,0.01612817517459703,0.09019721602991124,0.6246205122442242,0.00660232470823544,0.13080861272779065,0.00301586596383574,1,0.05570379352730003,0.07098958210830113
2016-06-01,Portland,23.863333333333333,41,NA,8463209,2.5215,5,NA,NA,NA,NA,NA,NA,2016,0.05217897717932942,0.08661193588232255,0.6117996815720385,0.00628871741162215,0.11558277483197994,0.00180113751109566,1,0.05114807839527336,0.0740227596150685
2016-06-01,Vancouver,19.453333333333333,114.7,NA,NA,121.6,5.2,NA,NA,NA,NA,NA,NA,2016,NA,NA,NA,NA,NA,NA,NA,NA,NA
2016-07-01,Seattle,22.3,30.699999999999996,NA,14128215,2.642,4.1,NA,NA,NA,NA,NA,NA,2016,0.01612817517459703,0.09019721602991124,0.6246205122442242,0.00660232470823544,0.13080861272779065,0.00301586596383574,1,0.05570379352730003,0.07098958210830113
2016-07-01,Portland,25.416129032258063,17,NA,8259699,2.54275,5,NA,NA,NA,NA,NA,NA,2016,0.05217897717932942,0.08661193588232255,0.6117996815720385,0.00628871741162215,0.11558277483197994,0.00180113751109566,1,0.05114807839527336,0.0740227596150685
2016-07-01,Vancouver,21.016129032258064,76.89999999999999,NA,NA,124.1,5.4,NA,NA,NA,NA,NA,NA,2016,NA,NA,NA,NA,NA,NA,NA,NA,NA
2016-08-01,Seattle,24.716129032258063,16.2,NA,15122676,2.5826000000000002,4.1,NA,NA,NA,NA,NA,NA,2016,0.01612817517459703,0.09019721602991124,0.6246205122442242,0.00660232470823544,0.13080861272779065,0.00301586596383574,1,0.05570379352730003,0.07098958210830113
2016-08-01,Portland,28.838709677419356,5.7,NA,8506245,2.4554,4.8,NA,NA,NA,NA,NA,NA,2016,0.05217897717932942,0.08661193588232255,0.6117996815720385,0.00628871741162215,0.11558277483197994,0.00180113751109566,1,0.05114807839527336,0.0740227596150685
2016-08-01,Vancouver,23.219354838709677,32,NA,NA,119.7,5.4,NA,NA,NA,NA,NA,NA,2016,NA,NA,NA,NA,NA,NA,NA,NA,NA
2016-09-01,Seattle,19.186666666666667,69.7,NA,14285449,2.65625,4,NA,NA,NA,NA,NA,NA,2016,0.01612817517459703,0.09019721602991124,0.6246205122442242,0.00660232470823544,0.13080861272779065,0.00301586596383574,1,0.05570379352730003,0.07098958210830113
2016-09-01,Portland,22.39666666666667,27.200000000000003,NA,8149854,2.51025,4.3,NA,NA,NA,NA,NA,NA,2016,0.05217897717932942,0.08661193588232255,0.6117996815720385,0.00628871741162215,0.11558277483197994,0.00180113751109566,1,0.05114807839527336,0.0740227596150685
2016-09-01,Vancouver,17.53,132.3,NA,NA,125.6,5.4,NA,NA,NA,NA,NA,NA,2016,NA,NA,NA,NA,NA,NA,NA,NA,NA
2016-10-01,Seattle,14.548387096774194,246.4,NA,14785497,2.697,4,NA,NA,NA,NA,NA,NA,2016,0.01612817517459703,0.09019721602991124,0.6246205122442242,0.00660232470823544,0.13080861272779065,0.00301586596383574,1,0.05570379352730003,0.07098958210830113
2016-10-01,Portland,15.458064516129031,326.9,NA,8469720,2.5408,4.2,NA,NA,NA,NA,NA,NA,2016,0.05217897717932942,0.08661193588232255,0.6117996815720385,0.00628871741162215,0.11558277483197994,0.00180113751109566,1,0.05114807839527336,0.0740227596150685
2016-10-01,Vancouver,12.970967741935484,424.7000000000001,NA,NA,128.3,5.4,NA,NA,NA,NA,NA,NA,2016,NA,NA,NA,NA,NA,NA,NA,NA,NA
2016-11-01,Seattle,11.903333333333332,202.2,NA,14024508,2.6395,4,NA,NA,NA,NA,NA,NA,2016,0.01612817517459703,0.09019721602991124,0.6246205122442242,0.00660232470823544,0.13080861272779065,0.00301586596383574,1,0.05570379352730003,0.07098958210830113
2016-11-01,Portland,13.073333333333334,227.7,NA,8081524,2.51225,3.8,NA,NA,NA,NA,NA,NA,2016,0.05217897717932942,0.08661193588232255,0.6117996815720385,0.00628871741162215,0.11558277483197994,0.00180113751109566,1,0.05114807839527336,0.0740227596150685
2016-11-01,Vancouver,10.27,515.6,NA,NA,115.3,5.5,NA,NA,NA,NA,NA,NA,2016,NA,NA,NA,NA,NA,NA,NA,NA,NA
2016-12-01,Seattle,4.496774193548387,141.10000000000002,NA,13138951,2.5797499999999998,3.9,NA,NA,NA,NA,NA,NA,2016,0.01612817517459703,0.09019721602991124,0.6246205122442242,0.00660232470823544,0.13080861272779065,0.00301586596383574,1,0.05570379352730003,0.07098958210830113
2016-12-01,Portland,5.27741935483871,141.1,NA,7711005,2.44825,3.8,NA,NA,NA,NA,NA,NA,2016,0.05217897717932942,0.08661193588232255,0.6117996815720385,0.00628871741162215,0.11558277483197994,0.00180113751109566,1,0.05114807839527336,0.0740227596150685
2016-12-01,Vancouver,2.664516129032258,227.6,NA,NA,120.6,5.4,NA,NA,NA,NA,NA,NA,2016,NA,NA,NA,NA,NA,NA,NA,NA,NA
2017-01-01,Seattle,5.790322580645161,90.9,NA,14235075,2.727,3.9,NA,NA,NA,NA,NA,NA,2017,0.01276380456779416,0.10635086645239188,0.6114177848068976,0.00583983810349812,0.1373229257010697,0.00219716681121711,1,0.05226944203527031,0.06972943557301499
2017-01-01,Portland,3.5580645161290323,133.6,NA,8278316,2.5516,4.3,NA,NA,NA,NA,NA,NA,2017,0.05391649493110555,0.09442606437542164,0.5940009611030506,0.00770268646785387,0.11591457272500438,0.00414475690561783,1,0.05014370338881239,0.07835300206082674
2017-01-01,Vancouver,4.490322580645161,127.6,NA,NA,127.9,5.1,NA,NA,NA,NA,NA,NA,2017,NA,NA,NA,NA,NA,NA,NA,NA,NA
2017-02-01,Seattle,7.5321428571428575,230.3,NA,13044182,2.72825,3.9,NA,NA,NA,NA,NA,NA,2017,0.01276380456779416,0.10635086645239188,0.6114177848068976,0.00583983810349812,0.1373229257010697,0.00219716681121711,1,0.05226944203527031,0.06972943557301499
2017-02-01,Portland,7.671428571428572,307.00000000000006,NA,7624336,2.57675,4,NA,NA,NA,NA,NA,NA,2017,0.05391649493110555,0.09442606437542164,0.5940009611030506,0.00770268646785387,0.11591457272500438,0.00414475690561783,1,0.05014370338881239,0.07835300206082674
2017-02-01,Vancouver,5.571428571428571,164.49999999999997,NA,NA,125.6,4.8,NA,NA,NA,NA,NA,NA,2017,NA,NA,NA,NA,NA,NA,NA,NA,NA
2017-03-01,Seattle,10.07741935483871,220.4000000000001,NA,15202133,2.81375,3.9,NA,NA,NA,NA,NA,NA,2017,0.01276380456779416,0.10635086645239188,0.6114177848068976,0.00583983810349812,0.1373229257010697,0.00219716681121711,1,0.05226944203527031,0.06972943557301499
2017-03-01,Portland,11.512903225806452,275.2,NA,8730374,2.66525,4,NA,NA,NA,NA,NA,NA,2017,0.05391649493110555,0.09442606437542164,0.5940009611030506,0.00770268646785387,0.11591457272500438,0.00414475690561783,1,0.05014370338881239,0.07835300206082674
2017-03-01,Vancouver,8.151612903225807,304.9,NA,NA,133.9,4.7,NA,NA,NA,NA,NA,NA,2017,NA,NA,NA,NA,NA,NA,NA,NA,NA
2017-04-01,Seattle,12.926666666666668,123.39999999999998,NA,14388506,2.8762499999999998,4,NA,NA,NA,NA,NA,NA,2017,0.01276380456779416,0.10635086645239188,0.6114177848068976,0.00583983810349812,0.1373229257010697,0.00219716681121711,1,0.05226944203527031,0.06972943557301499
2017-04-01,Portland,13.636666666666668,157.39999999999995,NA,8256694,2.73325,3.5,NA,NA,NA,NA,NA,NA,2017,0.05391649493110555,0.09442606437542164,0.5940009611030506,0.00770268646785387,0.11591457272500438,0.00414475690561783,1,0.05014370338881239,0.07835300206082674
2017-04-01,Vancouver,11.646666666666668,215.5,NA,NA,138.8,4.8,NA,NA,NA,NA,NA,NA,2017,NA,NA,NA,NA,NA,NA,NA,NA,NA
2017-05-01,Seattle,17.548387096774192,89.3,NA,15527102,2.8736,4,NA,NA,NA,NA,NA,NA,2017,0.01276380456779416,0.10635086645239188,0.6114177848068976,0.00583983810349812,0.1373229257010697,0.00219716681121711,1,0.05226944203527031,0.06972943557301499
2017-05-01,Portland,19.151612903225807,106.6,NA,8588248,2.742,3.4,NA,NA,NA,NA,NA,NA,2017,0.05391649493110555,0.09442606437542164,0.5940009611030506,0.00770268646785387,0.11591457272500438,0.00414475690561783,1,0.05014370338881239,0.07835300206082674
2017-05-01,Vancouver,15.787096774193548,110.8,NA,NA,134,5.2,NA,NA,NA,NA,NA,NA,2017,NA,NA,NA,NA,NA,NA,NA,NA,NA
2017-06-01,Seattle,20.066666666666663,64.6,NA,15225531,2.8475,4,NA,NA,NA,NA,NA,NA,2017,0.01276380456779416,0.10635086645239188,0.6114177848068976,0.00583983810349812,0.1373229257010697,0.00219716681121711,1,0.05226944203527031,0.06972943557301499
2017-06-01,Portland,22.283333333333335,55.6,NA,8330342,2.7125,3.8,NA,NA,NA,NA,NA,NA,2017,0.05391649493110555,0.09442606437542164,0.5940009611030506,0.00770268646785387,0.11591457272500438,0.00414475690561783,1,0.05014370338881239,0.07835300206082674
2017-06-01,Vancouver,18.583333333333332,57,NA,NA,130.1,5.2,NA,NA,NA,NA,NA,NA,2017,NA,NA,NA,NA,NA,NA,NA,NA,NA
2017-07-01,Seattle,23.783870967741937,0.5,NA,14621214,2.8014,4,NA,NA,NA,NA,NA,NA,2017,0.01276380456779416,0.10635086645239188,0.6114177848068976,0.00583983810349812,0.1373229257010697,0.00219716681121711,1,0.05226944203527031,0.06972943557301499
2017-07-01,Portland,27.996774193548383,0.8,NA,8040569,2.6678,4.2,NA,NA,NA,NA,NA,NA,2017,0.05391649493110555,0.09442606437542164,0.5940009611030506,0.00770268646785387,0.11591457272500438,0.00414475690561783,1,0.05014370338881239,0.07835300206082674
2017-07-01,Vancouver,21.66774193548387,5,NA,NA,131.8,5,NA,NA,NA,NA,NA,NA,2017,NA,NA,NA,NA,NA,NA,NA,NA,NA
2017-08-01,Seattle,25.23870967741935,11.4,NA,15409066,2.8705,4,NA,NA,NA,NA,NA,NA,2017,0.01276380456779416,0.10635086645239188,0.6114177848068976,0.00583983810349812,0.1373229257010697,0.00219716681121711,1,0.05226944203527031,0.06972943557301499
2017-08-01,Portland,30.30967741935484,5.8,NA,8311142,2.72,4.1,NA,NA,NA,NA,NA,NA,2017,0.05391649493110555,0.09442606437542164,0.5940009611030506,0.00770268646785387,0.11591457272500438,0.00414475690561783,1,0.05014370338881239,0.07835300206082674
2017-08-01,Vancouver,23.164516129032258,9.9,NA,NA,137.7,4.7,NA,NA,NA,NA,NA,NA,2017,NA,NA,NA,NA,NA,NA,NA,NA,NA
2017-09-01,Seattle,21.33,51.90000000000001,NA,14398865,3.04975,3.9,NA,NA,NA,NA,NA,NA,2017,0.01276380456779416,0.10635086645239188,0.6114177848068976,0.00583983810349812,0.1373229257010697,0.00219716681121711,1,0.05226944203527031,0.06972943557301499
2017-09-01,Portland,24.293333333333333,85.39999999999999,NA,7956702,2.86525,3.8,NA,NA,NA,NA,NA,NA,2017,0.05391649493110555,0.09442606437542164,0.5940009611030506,0.00770268646785387,0.11591457272500438,0.00414475690561783,1,0.05014370338881239,0.07835300206082674
2017-09-01,Vancouver,19.693333333333335,51.2,NA,NA,137.4,4.6,NA,NA,NA,NA,NA,NA,2017,NA,NA,NA,NA,NA,NA,NA,NA,NA
2017-10-01,Seattle,14.63225806451613,125.5,NA,15501993,2.9472,3.9,NA,NA,NA,NA,NA,NA,2017,0.01276380456779416,0.10635086645239188,0.6114177848068976,0.00583983810349812,0.1373229257010697,0.00219716681121711,1,0.05226944203527031,0.06972943557301499
2017-10-01,Portland,16.461290322580645,140.1,NA,8597623,2.783,3.6,NA,NA,NA,NA,NA,NA,2017,0.05391649493110555,0.09442606437542164,0.5940009611030506,0.00770268646785387,0.11591457272500438,0.00414475690561783,1,0.05014370338881239,0.07835300206082674
2017-10-01,Vancouver,12.52258064516129,192.8,NA,NA,136.9,4.6,NA,NA,NA,NA,NA,NA,2017,NA,NA,NA,NA,NA,NA,NA,NA,NA
2017-11-01,Seattle,10.12,243.3,NA,14193734,3.0005,3.8,NA,NA,NA,NA,NA,NA,2017,0.01276380456779416,0.10635086645239188,0.6114177848068976,0.00583983810349812,0.1373229257010697,0.00219716681121711,1,0.05226944203527031,0.06972943557301499
2017-11-01,Portland,10.686666666666667,249.7,NA,7860555,2.8297499999999998,3.5,NA,NA,NA,NA,NA,NA,2017,0.05391649493110555,0.09442606437542164,0.5940009611030506,0.00770268646785387,0.11591457272500438,0.00414475690561783,1,0.05014370338881239,0.07835300206082674
2017-11-01,Vancouver,8.063333333333333,322.20000000000005,NA,NA,141.3,4.6,NA,NA,NA,NA,NA,NA,2017,NA,NA,NA,NA,NA,NA,NA,NA,NA
2017-12-01,Seattle,7.025806451612904,149.8,NA,13002455,2.9735,3.8,NA,NA,NA,NA,NA,NA,2017,0.01276380456779416,0.10635086645239188,0.6114177848068976,0.00583983810349812,0.1373229257010697,0.00219716681121711,1,0.05226944203527031,0.06972943557301499
2017-12-01,Portland,6.193548387096774,120.7,NA,7451319,2.7952500000000002,3.7,NA,NA,NA,NA,NA,NA,2017,0.05391649493110555,0.09442606437542164,0.5940009611030506,0.00770268646785387,0.11591457272500438,0.00414475690561783,1,0.05014370338881239,0.07835300206082674
2017-12-01,Vancouver,5.003225806451613,176.7,NA,NA,137.2,4.4,NA,NA,NA,NA,NA,NA,2017,NA,NA,NA,NA,NA,NA,NA,NA,NA
2018-01-01,Seattle,9.09032258064516,255.29999999999995,NA,14765942,2.969,3.7,NA,NA,NA,NA,NA,NA,2018,0.0166791941652143,0.09489208454822536,0.6003741729785986,0.00677476108270627,0.14553429092981574,0.00295125839411235,1,0.05693624191563349,0.07150338242460787
2018-01-01,Portland,8.925806451612903,192.59999999999997,NA,8164408,2.784,4.2,NA,NA,NA,NA,NA,NA,2018,0.04494739697406502,0.08348334480369982,0.6108003775132993,0.00571650185954442,0.11004153991351268,0.00173512644677936,1,0.05067510766078502,0.08872235062556465
2018-01-01,Vancouver,6.680645161290323,333.4,NA,44800000,141.7,4.2,NA,NA,NA,NA,NA,NA,2018,NA,NA,NA,NA,NA,NA,NA,NA,NA
2018-02-01,Seattle,7.228571428571428,87.9,NA,13294580,3.0415,3.7,NA,NA,NA,NA,NA,NA,2018,0.0166791941652143,0.09489208454822536,0.6003741729785986,0.00677476108270627,0.14553429092981574,0.00295125839411235,1,0.05693624191563349,0.07150338242460787
2018-02-01,Portland,8.096428571428572,101,NA,7487019,2.844,4.1,NA,NA,NA,NA,NA,NA,2018,0.04494739697406502,0.08348334480369982,0.6108003775132993,0.00571650185954442,0.11004153991351268,0.00173512644677936,1,0.05067510766078502,0.08872235062556465
2018-02-01,Vancouver,5.146428571428572,123.1,NA,45900000,144.5,4,NA,NA,NA,NA,NA,NA,2018,NA,NA,NA,NA,NA,NA,NA,NA,NA
2018-03-01,Seattle,10.796774193548387,61.7,NA,15120947,3.126,3.6,NA,NA,NA,NA,NA,NA,2018,0.0166791941652143,0.09489208454822536,0.6003741729785986,0.00677476108270627,0.14553429092981574,0.00295125839411235,1,0.05693624191563349,0.07150338242460787
2018-03-01,Portland,11.325806451612904,107.6,NA,8381818,2.916,4.1,NA,NA,NA,NA,NA,NA,2018,0.04494739697406502,0.08348334480369982,0.6108003775132993,0.00571650185954442,0.11004153991351268,0.00173512644677936,1,0.05067510766078502,0.08872235062556465
2018-03-01,Vancouver,8.87741935483871,124.90000000000003,NA,52300000,151.4,4,NA,NA,NA,NA,NA,NA,2018,NA,NA,NA,NA,NA,NA,NA,NA,NA
2018-04-01,Seattle,13.366666666666667,182.40000000000003,NA,14648468,3.2808,3.5,NA,NA,NA,NA,NA,NA,2018,0.0166791941652143,0.09489208454822536,0.6003741729785986,0.00677476108270627,0.14553429092981574,0.00295125839411235,1,0.05693624191563349,0.07150338242460787
2018-04-01,Portland,14.82,157.7,NA,8146216,3.1138,3.6,NA,NA,NA,NA,NA,NA,2018,0.04494739697406502,0.08348334480369982,0.6108003775132993,0.00571650185954442,0.11004153991351268,0.00173512644677936,1,0.05067510766078502,0.08872235062556465
2018-04-01,Vancouver,11.836666666666666,168.10000000000002,NA,46400000,155.1,4.2,NA,NA,NA,NA,NA,NA,2018,NA,NA,NA,NA,NA,NA,NA,NA,NA
2018-05-01,Seattle,18.81935483870968,16.6,NA,15904752,3.39425,3.4,NA,NA,NA,NA,NA,NA,2018,0.0166791941652143,0.09489208454822536,0.6003741729785986,0.00677476108270627,0.14553429092981574,0.00295125839411235,1,0.05693624191563349,0.07150338242460787
2018-05-01,Portland,20.94838709677419,17,NA,8584421,3.262,3.3,NA,NA,NA,NA,NA,NA,2018,0.04494739697406502,0.08348334480369982,0.6108003775132993,0.00571650185954442,0.11004153991351268,0.00173512644677936,1,0.05067510766078502,0.08872235062556465
2018-05-01,Vancouver,17.51290322580645,12.7,NA,47000000,159.9,4.2,NA,NA,NA,NA,NA,NA,2018,NA,NA,NA,NA,NA,NA,NA,NA,NA
2018-06-01,Seattle,20.346666666666668,49.99999999999999,NA,15007747,3.4035,3.4,NA,NA,NA,NA,NA,NA,2018,0.0166791941652143,0.09489208454822536,0.6003741729785986,0.00677476108270627,0.14553429092981574,0.00295125839411235,1,0.05693624191563349,0.07150338242460787
2018-06-01,Portland,23.656666666666663,36.40000000000003,NA,8086780,3.28525,3.8,NA,NA,NA,NA,NA,NA,2018,0.04494739697406502,0.08348334480369982,0.6108003775132993,0.00571650185954442,0.11004153991351268,0.00173512644677936,1,0.05067510766078502,0.08872235062556465
2018-06-01,Vancouver,18.38,61.3,NA,45600000,154.3,4.3,NA,NA,NA,NA,NA,NA,2018,NA,NA,NA,NA,NA,NA,NA,NA,NA
2018-07-01,Seattle,25.93225806451613,5.8,NA,15208387,3.3588,3.4,NA,NA,NA,NA,NA,NA,2018,0.0166791941652143,0.09489208454822536,0.6003741729785986,0.00677476108270627,0.14553429092981574,0.00295125839411235,1,0.05693624191563349,0.07150338242460787
2018-07-01,Portland,30.525806451612905,1.4,NA,8046000,3.2432,3.9,NA,NA,NA,NA,NA,NA,2018,0.04494739697406502,0.08348334480369982,0.6108003775132993,0.00571650185954442,0.11004153991351268,0.00173512644677936,1,0.05067510766078502,0.08872235062556465
2018-07-01,Vancouver,23.5,12.799999999999995,NA,44700000,155.7,4.3,NA,NA,NA,NA,NA,NA,2018,NA,NA,NA,NA,NA,NA,NA,NA,NA
2018-08-01,Seattle,24.5,6.2,NA,15602868,3.298,3.4,NA,NA,NA,NA,NA,NA,2018,0.0166791941652143,0.09489208454822536,0.6003741729785986,0.00677476108270627,0.14553429092981574,0.00295125839411235,1,0.05693624191563349,0.07150338242460787
2018-08-01,Portland,28.751612903225805,10.8,NA,8275541,3.20625,3.9,NA,NA,NA,NA,NA,NA,2018,0.04494739697406502,0.08348334480369982,0.6108003775132993,0.00571650185954442,0.11004153991351268,0.00173512644677936,1,0.05067510766078502,0.08872235062556465
2018-08-01,Vancouver,22.54193548387097,21.90000000000001,NA,42100000,150.3,4.3,NA,NA,NA,NA,NA,NA,2018,NA,NA,NA,NA,NA,NA,NA,NA,NA
2018-09-01,Seattle,19.6,48.1,NA,14120160,3.3064999999999998,3.5,NA,NA,NA,NA,NA,NA,2018,0.0166791941652143,0.09489208454822536,0.6003741729785986,0.00677476108270627,0.14553429092981574,0.00295125839411235,1,0.05693624191563349,0.07150338242460787
2018-09-01,Portland,23.023333333333333,40.6,NA,7852284,3.2115,3.5,NA,NA,NA,NA,NA,NA,2018,0.04494739697406502,0.08348334480369982,0.6108003775132993,0.00571650185954442,0.11004153991351268,0.00173512644677936,1,0.05067510766078502,0.08872235062556465
2018-09-01,Vancouver,16.61,197.89999999999995,NA,49800000,151.9,4.2,NA,NA,NA,NA,NA,NA,2018,NA,NA,NA,NA,NA,NA,NA,NA,NA
2018-10-01,Seattle,14.841935483870968,107.79999999999998,NA,16148839,3.4438,3.5,NA,NA,NA,NA,NA,NA,2018,0.0166791941652143,0.09489208454822536,0.6003741729785986,0.00677476108270627,0.14553429092981574,0.00295125839411235,1,0.05693624191563349,0.07150338242460787
2018-10-01,Portland,17.725806451612904,166.1,NA,8763674,3.2952,3.6,NA,NA,NA,NA,NA,NA,2018,0.04494739697406502,0.08348334480369982,0.6108003775132993,0.00571650185954442,0.11004153991351268,0.00173512644677936,1,0.05067510766078502,0.08872235062556465
2018-10-01,Vancouver,13.00967741935484,158.49999999999997,NA,52500000,155.2,4.1,NA,NA,NA,NA,NA,NA,2018,NA,NA,NA,NA,NA,NA,NA,NA,NA
2018-11-01,Seattle,11.173333333333334,155.09999999999997,NA,14420172,3.41725,3.6,NA,NA,NA,NA,NA,NA,2018,0.0166791941652143,0.09489208454822536,0.6003741729785986,0.00677476108270627,0.14553429092981574,0.00295125839411235,1,0.05693624191563349,0.07150338242460787
2018-11-01,Portland,11.22,123.9,NA,7942494,3.23325,3.5,NA,NA,NA,NA,NA,NA,2018,0.04494739697406502,0.08348334480369982,0.6108003775132993,0.00571650185954442,0.11004153991351268,0.00173512644677936,1,0.05067510766078502,0.08872235062556465
2018-11-01,Vancouver,9.503333333333334,358.29999999999995,NA,50600000,141.9,4.1,NA,NA,NA,NA,NA,NA,2018,NA,NA,NA,NA,NA,NA,NA,NA,NA
2018-12-01,Seattle,8.23225806451613,177.8,NA,13000029,3.2157999999999998,3.6,NA,NA,NA,NA,NA,NA,2018,0.0166791941652143,0.09489208454822536,0.6003741729785986,0.00677476108270627,0.14553429092981574,0.00295125839411235,1,0.05693624191563349,0.07150338242460787
2018-12-01,Portland,8.006451612903225,190.3,NA,7340480,2.9974,3.8,NA,NA,NA,NA,NA,NA,2018,0.04494739697406502,0.08348334480369982,0.6108003775132993,0.00571650185954442,0.11004153991351268,0.00173512644677936,1,0.05067510766078502,0.08872235062556465
2018-12-01,Vancouver,6.574193548387097,317.8000000000001,NA,45300000,138.5,4.4,NA,NA,NA,NA,NA,NA,2018,NA,NA,NA,NA,NA,NA,NA,NA,NA
2019-01-01,Seattle,9.09032258064516,104.9,NA,15155568,3.068,3.6,NA,NA,NA,NA,NA,NA,2019,0.01714933900737996,0.09622935127645922,0.6024085716102845,0.00668600415248758,0.14891071668651135,0.00243368941035159,1,0.05198499050434449,0.07182322221121977
2019-01-01,Portland,8.348387096774193,100.9,NA,8125531,2.7975000000000003,4.3,NA,NA,NA,NA,NA,NA,2019,0.04316716730230517,0.08759211133236582,0.5938731198037959,0.00934894866515913,0.12043380921844588,0.00244355192547841,1,0.05580343582301124,0.08566607040399608
2019-01-01,Vancouver,6.983870967741936,203.2,NA,47900000,132,4.7,NA,NA,NA,NA,NA,NA,2019,NA,NA,NA,NA,NA,NA,NA,NA,NA
2019-02-01,Seattle,5.014285714285714,114.79999999999998,NA,13163867,3.00225,3.5,NA,NA,NA,NA,NA,NA,2019,0.01714933900737996,0.09622935127645922,0.6024085716102845,0.00668600415248758,0.14891071668651135,0.00243368941035159,1,0.05198499050434449,0.07182322221121977
2019-02-01,Portland,5.321428571428571,184.4,NA,7226069,2.70975,4,NA,NA,NA,NA,NA,NA,2019,0.04316716730230517,0.08759211133236582,0.5938731198037959,0.00934894866515913,0.12043380921844588,0.00244355192547841,1,0.05580343582301124,0.08566607040399608
2019-02-01,Vancouver,3.060714285714286,85.50000000000003,NA,44100000,134.4,4.8,NA,NA,NA,NA,NA,NA,2019,NA,NA,NA,NA,NA,NA,NA,NA,NA
2019-03-01,Seattle,11.870967741935484,40.60000000000001,NA,14967619,3.028,3.4,NA,NA,NA,NA,NA,NA,2019,0.01714933900737996,0.09622935127645922,0.6024085716102845,0.00668600415248758,0.14891071668651135,0.00243368941035159,1,0.05198499050434449,0.07182322221121977
2019-03-01,Portland,11.370967741935484,52.79999999999999,NA,8059089,2.79325,4.1,NA,NA,NA,NA,NA,NA,2019,0.04316716730230517,0.08759211133236582,0.5938731198037959,0.00934894866515913,0.12043380921844588,0.00244355192547841,1,0.05580343582301124,0.08566607040399608
2019-03-01,Vancouver,9.841935483870968,43.8,NA,48800000,149.6,4.8,NA,NA,NA,NA,NA,NA,2019,NA,NA,NA,NA,NA,NA,NA,NA,NA
2019-04-01,Seattle,13.58,92.4,NA,15184529,3.393,3.2,NA,NA,NA,NA,NA,NA,2019,0.01714933900737996,0.09622935127645922,0.6024085716102845,0.00668600415248758,0.14891071668651135,0.00243368941035159,1,0.05198499050434449,0.07182322221121977
2019-04-01,Portland,15.043333333333331,142,NA,8286959,3.186,3.5,NA,NA,NA,NA,NA,NA,2019,0.04316716730230517,0.08759211133236582,0.5938731198037959,0.00934894866515913,0.12043380921844588,0.00244355192547841,1,0.05580343582301124,0.08566607040399608
2019-04-01,Vancouver,11.88,136.70000000000005,NA,47600000,167.3,4.6,NA,NA,NA,NA,NA,NA,2019,NA,NA,NA,NA,NA,NA,NA,NA,NA
2019-05-01,Seattle,19.164516129032258,35.9,NA,15668031,3.557,3,NA,NA,NA,NA,NA,NA,2019,0.01714933900737996,0.09622935127645922,0.6024085716102845,0.00668600415248758,0.14891071668651135,0.00243368941035159,1,0.05198499050434449,0.07182322221121977
2019-05-01,Portland,20.75483870967742,68.5,NA,8634022,3.3945,3.3,NA,NA,NA,NA,NA,NA,2019,0.04316716730230517,0.08759211133236582,0.5938731198037959,0.00934894866515913,0.12043380921844588,0.00244355192547841,1,0.05580343582301124,0.08566607040399608
2019-05-01,Vancouver,17.087096774193547,49,NA,47600000,169,4.5,NA,NA,NA,NA,NA,NA,2019,NA,NA,NA,NA,NA,NA,NA,NA,NA
2019-06-01,Seattle,21.44,32.699999999999996,NA,14635550,3.472,2.9,NA,NA,NA,NA,NA,NA,2019,0.01714933900737996,0.09622935127645922,0.6024085716102845,0.00668600415248758,0.14891071668651135,0.00243368941035159,1,0.05198499050434449,0.07182322221121977
2019-06-01,Portland,23.91,35.2,NA,8093986,3.268,3.7,NA,NA,NA,NA,NA,NA,2019,0.04316716730230517,0.08759211133236582,0.5938731198037959,0.00934894866515913,0.12043380921844588,0.00244355192547841,1,0.05580343582301124,0.08566607040399608
2019-06-01,Vancouver,19.13,31.4,NA,46400000,148.4,4.4,NA,NA,NA,NA,NA,NA,2019,NA,NA,NA,NA,NA,NA,NA,NA,NA
2019-07-01,Seattle,23.451612903225808,47.3,NA,15129306,3.3656,2.8,NA,NA,NA,NA,NA,NA,2019,0.01714933900737996,0.09622935127645922,0.6024085716102845,0.00668600415248758,0.14891071668651135,0.00243368941035159,1,0.05198499050434449,0.07182322221121977
2019-07-01,Portland,25.983870967741936,33.2,NA,8200353,3.1202,3.9,NA,NA,NA,NA,NA,NA,2019,0.04316716730230517,0.08759211133236582,0.5938731198037959,0.00934894866515913,0.12043380921844588,0.00244355192547841,1,0.05580343582301124,0.08566607040399608
2019-07-01,Vancouver,20.993548387096773,61.6,NA,44500000,151.5,4.4,NA,NA,NA,NA,NA,NA,2019,NA,NA,NA,NA,NA,NA,NA,NA,NA
2019-08-01,Seattle,24.33225806451613,47.10000000000001,NA,15025154,3.28525,2.8,NA,NA,NA,NA,NA,NA,2019,0.01714933900737996,0.09622935127645922,0.6024085716102845,0.00668600415248758,0.14891071668651135,0.00243368941035159,1,0.05198499050434449,0.07182322221121977
2019-08-01,Portland,27.796774193548387,21.90000000000001,NA,8141301,3.0372500000000002,3.8,NA,NA,NA,NA,NA,NA,2019,0.04316716730230517,0.08759211133236582,0.5938731198037959,0.00934894866515913,0.12043380921844588,0.00244355192547841,1,0.05580343582301124,0.08566607040399608
2019-08-01,Vancouver,21.587096774193547,49.00000000000001,NA,43500000,148.2,4.5,NA,NA,NA,NA,NA,NA,2019,NA,NA,NA,NA,NA,NA,NA,NA,NA
2019-09-01,Seattle,19.476666666666667,117.90000000000002,NA,14068333,3.2514,2.8,NA,NA,NA,NA,NA,NA,2019,0.01714933900737996,0.09622935127645922,0.6024085716102845,0.00668600415248758,0.14891071668651135,0.00243368941035159,1,0.05198499050434449,0.07182322221121977
2019-09-01,Portland,20.9,126.1,NA,7926042,3.0184,3.2,NA,NA,NA,NA,NA,NA,2019,0.04316716730230517,0.08759211133236582,0.5938731198037959,0.00934894866515913,0.12043380921844588,0.00244355192547841,1,0.05580343582301124,0.08566607040399608
2019-09-01,Vancouver,17.606666666666666,173.8,NA,51800000,153.6,4.6,NA,NA,NA,NA,NA,NA,2019,NA,NA,NA,NA,NA,NA,NA,NA,NA
2019-10-01,Seattle,13.058064516129033,119.19999999999996,NA,16163013,3.37275,2.7,NA,NA,NA,NA,NA,NA,2019,0.01714933900737996,0.09622935127645922,0.6024085716102845,0.00668600415248758,0.14891071668651135,0.00243368941035159,1,0.05198499050434449,0.07182322221121977
2019-10-01,Portland,14.348387096774196,76.80000000000001,NA,8842859,3.20975,3,NA,NA,NA,NA,NA,NA,2019,0.04316716730230517,0.08759211133236582,0.5938731198037959,0.00934894866515913,0.12043380921844588,0.00244355192547841,1,0.05580343582301124,0.08566607040399608
2019-10-01,Vancouver,11.141935483870968,160.1,NA,53900000,158.2,4.8,NA,NA,NA,NA,NA,NA,2019,NA,NA,NA,NA,NA,NA,NA,NA,NA
2019-11-01,Seattle,10.356666666666667,67.8,NA,13970677,3.40075,2.7,NA,NA,NA,NA,NA,NA,2019,0.01714933900737996,0.09622935127645922,0.6024085716102845,0.00668600415248758,0.14891071668651135,0.00243368941035159,1,0.05198499050434449,0.07182322221121977
2019-11-01,Portland,11.09,49.400000000000006,NA,7877674,3.222,2.8,NA,NA,NA,NA,NA,NA,2019,0.04316716730230517,0.08759211133236582,0.5938731198037959,0.00934894866515913,0.12043380921844588,0.00244355192547841,1,0.05580343582301124,0.08566607040399608
2019-11-01,Vancouver,8.836666666666666,111.59999999999998,NA,50900000,140.5,4.9,NA,NA,NA,NA,NA,NA,2019,NA,NA,NA,NA,NA,NA,NA,NA,NA
2019-12-01,Seattle,8.03225806451613,196.1,NA,13340548,3.2478,2.6,NA,NA,NA,NA,NA,NA,2019,0.01714933900737996,0.09622935127645922,0.6024085716102845,0.00668600415248758,0.14891071668651135,0.00243368941035159,1,0.05198499050434449,0.07182322221121977
2019-12-01,Portland,7.919354838709678,177.79999999999998,NA,7656743,3.0422,2.9,NA,NA,NA,NA,NA,NA,2019,0.04316716730230517,0.08759211133236582,0.5938731198037959,0.00934894866515913,0.12043380921844588,0.00244355192547841,1,0.05580343582301124,0.08566607040399608
2019-12-01,Vancouver,6.4,232.8,NA,45800000,136.5,4.8,NA,NA,NA,NA,NA,NA,2019,NA,NA,NA,NA,NA,NA,NA,NA,NA
2020-01-01,Seattle,8.470967741935484,291.9,NA,14515668,3.141,2.7,NA,NA,NA,NA,NA,NA,2020,0.01654756583927976,0.09293980818873156,0.5917161735716937,0.007043918243785357,0.1405459622608113,0.00232747691408721,1,0.05080653638813639,0.09578840020938519
2020-01-01,Portland,8.864516129032259,287,NA,8128694,2.93075,3.6,NA,NA,NA,NA,NA,NA,2020,0.04169787314656052,0.08623789309043475,0.5865076222232255,0.009312867512874667,0.11425937312059413,0.0024017002517481632,1,0.05416078044877817,0.10378424429836491
2020-01-01,Vancouver,5.84516129032258,425.9,0,48600000,139.9,4.6,NA,NA,NA,NA,NA,NA,2020,NA,NA,NA,NA,NA,NA,NA,NA,NA
2020-02-01,Seattle,8.589655172413794,111.9,3,13893174,3.1195,2.8,4,0.3999999999999998,36.93333333333333,3.1333333333333337,-4.199999999999999,0.19999999999999993,2020,0.015945792671179564,0.0896502651010039,0.581023775533103,0.007401832335083135,0.13218120783511125,0.0022212644178228303,1,0.04962808227192829,0.1197535782075506
2020-02-01,Portland,9.524137931034485,80.29999999999998,NA,7861458,2.89375,3.5,7,1.7999999999999998,30.2,3.466666666666667,-0.20000000000000018,-0.5333333333333334,2020,0.04022857899081586,0.08488367484850369,0.579142124642655,0.009276786360590204,0.10808493702274237,0.002359848578017916,1,0.052518125074545105,0.12190241819273373
2020-02-01,Vancouver,6.362068965517241,136.3,6,47400000,145.9,4.6,3.1333333333333333,4.4,35.2,-0.5333333333333332,-3.666666666666668,0.6666666666666667,2020,NA,NA,NA,NA,NA,NA,NA,NA,NA
2020-03-01,Seattle,9.441935483870967,70.9,2321,7662071,2.997,6.7,-29.354838709677416,-6.354838709677421,19.129032258064516,-40.61290322580644,-36.29032258064516,14.677419354838712,2020,0.015344019503079365,0.08636072201327624,0.5703313774945122,0.007759746426380913,0.1238164534094112,0.00211505192155845,1,0.048449628155720195,0.143718756205716
2020-03-01,Portland,10.735483870967744,121.2,115,5515859,2.7584,4.2,-24.80645161290322,-2.7741935483870934,17.838709677419352,-26.709677419354843,-24.06451612903226,9.290322580645158,2020,0.038759284835071205,0.08352945660657263,0.5717766270620847,0.00924070520830574,0.10191050092489062,0.002317996904287669,1,0.05087546970031203,0.14002059208710257
2020-03-01,Vancouver,7.529032258064516,97.7,962,29700000,121.4,5.6,-25.612903225806445,0.7419354838709639,29.06451612903226,-31.774193548387103,-25.612903225806445,10.612903225806452,2020,NA,NA,NA,NA,NA,NA,NA,NA,NA
2020-04-01,Seattle,14.316666666666666,36.7,3812,3793370,2.6185,18.2,-53.6,-22.166666666666668,11.066666666666668,-67.3,-62.166666666666664,24.566666666666666,2020,0.014742246334979166,0.08307117892554859,0.5596389794559216,0.00811766051767869,0.11545169898371116,0.00200883942529407,1,0.047271174039512094,0.16768393420388142
2020-04-01,Portland,16.176666666666666,52.9,573,2595834,2.36125,13,-51.7,-15.2,14.4,-55.733333333333334,-52.166666666666664,18.733333333333334,2020,0.03728999067932655,0.08217523836464155,0.5644111294815142,0.009204624056021278,0.09573606482703888,0.0022761452305574224,1,0.04923281432607896,0.1581387659814714
2020-04-01,Vancouver,11.943333333333332,43.5,1046,9700000,96.7,8,-53.1,-21.066666666666666,39.266666666666666,-62.56666666666667,-56.5,21.8,2020,NA,NA,NA,NA,NA,NA,NA,NA,NA
2020-05-01,Seattle,17.89677419354839,82.4,1752,3817540,2.573,14.4,-46.25806451612903,-15.806451612903226,33.87096774193548,-60.12903225806452,-53.354838709677416,20.451612903225808,2020,0.014140473166878968,0.07978163583782093,0.5489465814173308,0.008475574608976468,0.10708694455801111,0.0019026269290296901,1,0.04609271992330399,0.19164911220204683
2020-05-01,Portland,19.02258064516129,100.29999999999998,445,2709292,2.27625,11.9,-45.29032258064516,-9.774193548387096,25.322580645161292,-50.12903225806452,-46,15.64516129032258,2020,0.03582069652358189,0.08082102012271049,0.5570456319009438,0.009168542903736815,0.08956162872918713,0.0022342935568271756,1,0.047590158951845894,0.1762569398758402
2020-05-01,Vancouver,16.14516129032258,91.6,428,10100000,113,11,-42.70967741935484,-8,75.83870967741936,-55.516129032258064,-46.354838709677416,17.516129032258064,2020,NA,NA,NA,NA,NA,NA,NA,NA,NA
2020-06-01,Seattle,19.573333333333338,61.00000000000001,2004,4363712,2.6804,12.5,-35.266666666666666,-12.5,60.33333333333333,-52.333333333333336,-47.233333333333334,17.1,2020,0.01353869999877877,0.07649209275009328,0.5382541833787401,0.008833488700274245,0.09872219013231107,0.00179641443276531,1,0.04491426580709589,0.21561429020021225
2020-06-01,Portland,21.31,116.4,1034,3049099,2.4502,10.6,-37.13333333333333,-6.8,48.6,-43.86666666666667,-41.266666666666666,12.3,2020,0.034351402367837236,0.07946680188077943,0.5496801343203734,0.009132461751452351,0.08338719263133537,0.0021924418830969283,1,0.045947503577612826,0.19437511377020905
2020-06-01,Vancouver,16.913333333333334,97.8,319,14900000,127.2,13.1,-27.766666666666666,-1.8333333333333335,84.63333333333334,-47.7,-36.6,13.2,2020,NA,NA,NA,NA,NA,NA,NA,NA,NA
2020-07-01,Seattle,23.483870967741936,15.2,4858,4833899,2.80125,10.9,-28.258064516129032,-10.096774193548388,81.3225806451613,-49.67741935483871,-47.645161290322584,14.612903225806452,2020,0.01293692683067857,0.07320254966236561,0.5275617853401493,0.009191402791572023,0.09035743570661103,0.00169020193650093,1,0.0437358116908878,0.23957946819837767
2020-07-01,Portland,27.061290322580646,5.800000000000001,2093,3370610,2.58475,10.2,-29.032258064516128,-5.258064516129032,69.35483870967742,-41,-42.193548387096776,10.258064516129032,2020,0.03288210821209258,0.07811258363884836,0.542314636739803,0.009096380599167888,0.07721275653348364,0.0021505902093666815,1,0.04430484820337975,0.21249328766457784
2020-07-01,Vancouver,20.451612903225808,45.60000000000001,725,17500000,131.4,13,-22.774193548387096,-0.3870967741935487,113.35483870967741,-44.54838709677419,-37.61290322580645,10.67741935483871,2020,NA,NA,NA,NA,NA,NA,NA,NA,NA
2020-08-01,Seattle,23.92258064516129,22.299999999999997,4266,4909688,2.8476,9.1,-27.258064516129032,-11.838709677419356,72.06451612903226,-48.774193548387096,-44.32258064516129,12.935483870967742,2020,0.012335153662578372,0.06991300657463796,0.5168693873015586,0.009549316882869802,0.08199268128091097,0.00158398944023655,1,0.0425573575746797,0.2635446461965431
2020-08-01,Portland,28.032258064516128,10.8,1604,3648044,2.6176,8.2,-28.096774193548388,-6.580645161290322,69.74193548387096,-39.935483870967744,-39.87096774193548,9,2020,0.031412814056347924,0.0767583653969173,0.5349491391592326,0.009060299446883425,0.07103832043563188,0.0021087385356364347,1,0.04266219282914668,0.23061146155894668
2020-08-01,Vancouver,20.79032258064516,68.2,2149,18000000,130,12.2,-23.29032258064516,-2.5161290322580645,106.90322580645162,-42.806451612903224,-36.38709677419355,9.290322580645162,2020,NA,NA,NA,NA,NA,NA,NA,NA,NA
2020-09-01,Seattle,22.403333333333332,88.10000000000001,2689,4891080,2.85175,8.3,-28,-14.066666666666666,24.13333333333334,-51.03333333333333,-45.36666666666667,14.966666666666667,2020,0.011733380494478174,0.0666234634869103,0.5061769892629678,0.009907230974167578,0.07362792685521094,0.00147777694397217,1,0.041378903458471596,0.2875098241947085
2020-09-01,Portland,26.48,86.1,1221,3213498,2.612,7.6,-31.3,-8.5,26.633333333333336,-45.166666666666664,-41.9,11.466666666666667,2020,0.029943519900603264,0.07540414715498624,0.5275836415786622,0.009024218294598962,0.06486388433778013,0.002066886861906188,1,0.041019537454913615,0.2487296354533155
2020-09-01,Vancouver,19.9,120.5,3290,21600000,125.9,10.6,-23.1,-2.166666666666667,70.86666666666666,-44.93333333333333,-35.2,10.433333333333334,2020,NA,NA,NA,NA,NA,NA,NA,NA,NA
2020-10-01,Seattle,14.687096774193549,82.59999999999998,5197,4828420,2.80375,7.4,-28.516129032258064,-14.419354838709678,15.451612903225804,-51.74193548387097,-41.29032258064516,14.96774193548387,2020,0.011131607326377975,0.06333392039918263,0.4954845912243771,0.010265145065465357,0.06526317242951088,0.00137156444770779,1,0.040200449342263495,0.31147500219287394
2020-10-01,Portland,17.216129032258063,64.3,2435,3526479,2.5545,6.5,-29.032258064516128,-7.580645161290323,23.06451612903226,-43.354838709677416,-36.32258064516129,10.35483870967742,2020,0.028474225744858608,0.07404992891305516,0.5202181439980917,0.008988137142314499,0.05868944823992838,0.0020250351881759407,1,0.03937688208068055,0.2668478093476843
2020-10-01,Vancouver,12.36774193548387,164.4,5513,20800000,122.3,9.5,-24.193548387096776,-0.1612903225806451,38.54838709677419,-46.38709677419355,-30.67741935483871,10.96774193548387,2020,NA,NA,NA,NA,NA,NA,NA,NA,NA
2020-11-01,Seattle,10.14,157.80000000000004,16439,4215613,2.7958,6.9,-34.733333333333334,-18.133333333333333,-7.366666666666666,-57.233333333333334,-44.333333333333336,17.366666666666667,2020,0.010529834158277776,0.06004437731145498,0.48479219318578637,0.010623059156763134,0.05689841800381085,0.00126535195144341,1,0.0390219952260554,0.33544018019103933
2020-11-01,Portland,10.68,200.2,7682,3109195,2.5212,6.2,-36.3,-12.233333333333333,-5.133333333333334,-49.266666666666666,-40.86666666666667,13.566666666666666,2020,0.02700493158911395,0.0726957106711241,0.5128526464175214,0.008952055990030036,0.052515012142076635,0.001983183514445694,1,0.03773422670644747,0.28496598324205313
2020-11-01,Vancouver,8.156666666666666,324.1999999999999,18116,20600000,123.6,8.5,-28.9,-3.566666666666667,8.600000000000001,-52.36666666666667,-31.733333333333334,13.9,2020,NA,NA,NA,NA,NA,NA,NA,NA,NA
2020-12-01,Seattle,8.970967741935484,168.4,17425,4311746,2.789,6.6,-35.32258064516129,-15.580645161290324,-7.193548387096774,-58.83870967741935,-47.516129032258064,18.06451612903226,2020,0.009928060990177578,0.056754834223727325,0.47409979514719564,0.010980973248060912,0.04853366357811079,0.0011591394551790299,1,0.0378435411098473,0.35940535818920477
2020-12-01,Portland,8.625806451612902,174.39999999999998,7465,3171894,2.5125,6.4,-37.064516129032256,-8.580645161290324,-1.03225806451613,-50.096774193548384,-43.29032258064516,14.064516129032258,2020,0.025535637433369295,0.07134149242919303,0.5054871488369509,0.008915974837745573,0.04634057604422488,0.0019413318407154468,1,0.036091571332214405,0.303084157136422
2020-12-01,Vancouver,6.748387096774193,294.80000000000007,18096,17900000,126.1,8,-28.806451612903224,0.48387096774193505,6.903225806451611,-55.225806451612904,-38.58064516129033,15.451612903225806,2020,NA,NA,NA,NA,NA,NA,NA,NA,NA
2021-01-01,Seattle,8.306451612903226,249.20000000000005,15430,4199492,2.84725,6.4,-39.96774193548387,-23,-10.03225806451613,-60.193548387096776,-44.32258064516129,17.806451612903224,2021,0.00932628782207738,0.05346529113599967,0.4634073971086049,0.01133888733935869,0.04016890915241075,0.00105292695891465,1,0.0366650869936392,0.38337053618737016
2021-01-01,Portland,8.896774193548387,277.09999999999997,4330,3022586,2.5772500000000003,6.7,-41.58064516129032,-16.580645161290324,-10.90322580645161,-51.67741935483871,-40.645161290322584,13.774193548387096,2021,0.02406634327762464,0.06998727418726197,0.4981216512563805,0.00887989368546111,0.04016613994637314,0.0018994801669852,1,0.03444891595798134,0.3212023310307908
2021-01-01,Vancouver,6.877419354838709,252.89999999999995,15105,16800000,134.6,8,-34.38709677419355,-9.838709677419356,9.741935483870966,-59.483870967741936,-32.70967741935484,14.290322580645162,2021,NA,NA,NA,NA,NA,NA,NA,NA,NA
2021-02-01,Seattle,7.2785714285714285,136.10000000000005,5625,3935663,2.98125,6,-37.17857142857143,-20.964285714285715,-12.392857142857144,-58.57142857142857,-46.714285714285715,17.678571428571427,2021,0.00932628782207738,0.05346529113599967,0.4634073971086049,0.01133888733935869,0.04016890915241075,0.00105292695891465,1,0.0366650869936392,0.38337053618737016
2021-02-01,Portland,7.214285714285714,170.20000000000002,1780,2754145,2.723,6.5,-40.67857142857143,-15.785714285714286,-16.5,-50.535714285714285,-44.642857142857146,14.535714285714286,2021,0.02406634327762464,0.06998727418726197,0.4981216512563805,0.00887989368546111,0.04016613994637314,0.0018994801669852,1,0.03444891595798134,0.3212023310307908
2021-02-01,Vancouver,5.107142857142857,136.7,12517,16300000,141.2,7.9,-30.285714285714285,-4.4642857142857135,14.964285714285714,-58.25,-32.392857142857146,13.678571428571429,2021,NA,NA,NA,NA,NA,NA,NA,NA,NA
2021-03-01,Seattle,10.387096774193548,85,6448,4887284,3.2948,5.7,-27.612903225806452,-15.838709677419354,15.967741935483868,-52,-43.83870967741935,15.290322580645162,2021,0.00932628782207738,0.05346529113599967,0.4634073971086049,0.01133888733935869,0.04016890915241075,0.00105292695891465,1,0.0366650869936392,0.38337053618737016
2021-03-01,Portland,11.641935483870968,81.39999999999999,1277,3491362,3.0768,6.3,-25.774193548387096,-10.064516129032258,20.161290322580648,-41.483870967741936,-38.645161290322584,10.67741935483871,2021,0.02406634327762464,0.06998727418726197,0.4981216512563805,0.00887989368546111,0.04016613994637314,0.0018994801669852,1,0.03444891595798134,0.3212023310307908
2021-03-01,Vancouver,8.748387096774193,87.69999999999997,19119,18600000,149.6,7.7,-25.677419354838708,-1,44.096774193548384,-53.516129032258064,-32.516129032258064,12.67741935483871,2021,NA,NA,NA,NA,NA,NA,NA,NA,NA
2021-04-01,Seattle,15.12,38.2,10779,4958346,3.43275,5.5,-23.3,-11.5,42.86666666666667,-46.06666666666667,-43.2,13,2021,0.00932628782207738,0.05346529113599967,0.4634073971086049,0.01133888733935869,0.04016890915241075,0.00105292695891465,1,0.0366650869936392,0.38337053618737016
2021-04-01,Portland,17.373333333333335,24.5,3432,3536305,3.20425,5.6,-22.1,-5.333333333333334,49.266666666666666,-34.333333333333336,-37.43333333333333,9.333333333333334,2021,0.02406634327762464,0.06998727418726197,0.4981216512563805,0.00887989368546111,0.04016613994637314,0.0018994801669852,1,0.03444891595798134,0.3212023310307908
2021-04-01,Vancouver,12.416666666666666,65.19999999999999,28602,17200000,152.2,7.3,-28.633333333333333,3.6000000000000005,81.96666666666667,-51.266666666666666,-34.5,13,2021,NA,NA,NA,NA,NA,NA,NA,NA,NA
2021-05-01,Seattle,17.12258064516129,36.3,7180,5239727,3.5694,5.3,-20.225806451612904,-9.03225806451613,46.774193548387096,-39.903225806451616,-40.483870967741936,11.387096774193548,2021,0.00932628782207738,0.05346529113599967,0.4634073971086049,0.01133888733935869,0.04016890915241075,0.00105292695891465,1,0.0366650869936392,0.38337053618737016
2021-05-01,Portland,19.861290322580647,56.3,2804,3600514,3.3592,5,-21.774193548387096,-2.1612903225806455,54.41935483870968,-30.129032258064516,-36.193548387096776,8.161290322580646,2021,0.02406634327762464,0.06998727418726197,0.4981216512563805,0.00887989368546111,0.04016613994637314,0.0018994801669852,1,0.03444891595798134,0.3212023310307908
2021-05-01,Vancouver,14.787096774193548,62.10000000000001,13972,17200000,155.6,7.2,-22.806451612903224,8.129032258064516,92.80645161290323,-49.354838709677416,-31.06451612903226,11.03225806451613,2021,NA,NA,NA,NA,NA,NA,NA,NA,NA
2021-06-01,Seattle,23.383333333333333,62.2,2808,5742329,3.67425,5.2,-15.366666666666667,-3.8666666666666663,59.2,-33.833333333333336,-41.266666666666666,10.033333333333333,2021,0.00932628782207738,0.05346529113599967,0.4634073971086049,0.01133888733935869,0.04016890915241075,0.00105292695891465,1,0.0366650869936392,0.38337053618737016
2021-06-01,Portland,26.976666666666667,54.4,953,3614286,3.4747500000000002,5.2,-17.733333333333334,1.1000000000000003,63.16666666666667,-26.733333333333334,-36.166666666666664,6.933333333333334,2021,0.02406634327762464,0.06998727418726197,0.4981216512563805,0.00887989368546111,0.04016613994637314,0.0018994801669852,1,0.03444891595798134,0.3212023310307908
2021-06-01,Vancouver,21.186666666666667,59.4,3148,18700000,161.1,7.2,-15.166666666666668,11.366666666666667,99.9,-47.266666666666666,-28.933333333333334,8.666666666666668,2021,NA,NA,NA,NA,NA,NA,NA,NA,NA
2021-07-01,Seattle,25.045161290322586,3.4000000000000004,4167,6473845,3.829,4.9,-12.387096774193548,-3.064516129032258,73.64516129032258,-28.29032258064516,-42,8.580645161290322,2021,0.00932628782207738,0.05346529113599967,0.4634073971086049,0.01133888733935869,0.04016890915241075,0.00105292695891465,1,0.0366650869936392,0.38337053618737016
2021-07-01,Portland,30.219354838709677,0.5,1192,3988240,3.64125,5,-14.741935483870968,2.096774193548387,82.61290322580645,-23.225806451612904,-36.45161290322581,5.838709677419355,2021,0.02406634327762464,0.06998727418726197,0.4981216512563805,0.00887989368546111,0.04016613994637314,0.0018994801669852,1,0.03444891595798134,0.3212023310307908
2021-07-01,Vancouver,22.919354838709676,0.7999999999999999,2379,19800000,169.1,7.1,-12.290322580645162,9.612903225806452,115.87096774193549,-40.74193548387097,-34.064516129032256,7.290322580645162,2021,NA,NA,NA,NA,NA,NA,NA,NA,NA
2021-08-01,Seattle,24.35483870967742,19.200000000000003,18794,6445254,3.9138,4.7,-12.387096774193548,-4.96774193548387,58.12903225806452,-28.419354838709676,-40.54838709677419,9.225806451612904,2021,0.00932628782207738,0.05346529113599967,0.4634073971086049,0.01133888733935869,0.04016890915241075,0.00105292695891465,1,0.0366650869936392,0.38337053618737016
2021-08-01,Portland,29.290322580645164,7.9,5450,3976483,3.7314000000000003,4.6,-15.548387096774194,0.8387096774193542,61.87096774193548,-23.93548387096774,-35.645161290322584,6.580645161290323,2021,0.02406634327762464,0.06998727418726197,0.4981216512563805,0.00887989368546111,0.04016613994637314,0.0018994801669852,1,0.03444891595798134,0.3212023310307908
2021-08-01,Vancouver,21.835483870967742,44.50000000000001,15823,20500000,165.6,6.9,-10.35483870967742,8.451612903225806,98.87096774193549,-37.193548387096776,-33.74193548387097,7.258064516129032,2021,NA,NA,NA,NA,NA,NA,NA,NA,NA
2021-09-01,Seattle,20.203333333333333,87.3,15339,6787553,3.924,4.4,-14.666666666666666,-6.066666666666666,40.53333333333333,-32.233333333333334,-39.93333333333333,9.866666666666667,2021,0.00932628782207738,0.05346529113599967,0.4634073971086049,0.01133888733935869,0.04016890915241075,0.00105292695891465,1,0.0366650869936392,0.38337053618737016
2021-09-01,Portland,24.09,92.9,5460,4052467,3.7190000000000003,4,-17.566666666666666,-0.2999999999999994,48.76666666666667,-27.266666666666666,-35.233333333333334,7.066666666666666,2021,0.02406634327762464,0.06998727418726197,0.4981216512563805,0.00887989368546111,0.04016613994637314,0.0018994801669852,1,0.03444891595798134,0.3212023310307908
2021-09-01,Vancouver,17.196666666666665,240.6,20127,27700000,156.7,6.6,-7.833333333333334,5.033333333333334,70.66666666666666,-35.333333333333336,-32.46666666666667,7.833333333333334,2021,NA,NA,NA,NA,NA,NA,NA,NA,NA
2021-10-01,Seattle,13.796774193548387,164.8,11937,7999226,3.91825,4.1,-15.612903225806452,-8.419354838709678,16.774193548387093,-32.774193548387096,-34.483870967741936,9.548387096774194,2021,0.00932628782207738,0.05346529113599967,0.4634073971086049,0.01133888733935869,0.04016890915241075,0.00105292695891465,1,0.0366650869936392,0.38337053618737016
2021-10-01,Portland,15.370967741935484,131.5,3564,4332254,3.72275,3.6,-17.93548387096774,-0.8387096774193548,22.67741935483871,-27.032258064516128,-29.580645161290324,6.967741935483871,2021,0.02406634327762464,0.06998727418726197,0.4981216512563805,0.00887989368546111,0.04016613994637314,0.0018994801669852,1,0.03444891595798134,0.3212023310307908
2021-10-01,Vancouver,11.64516129032258,299.90000000000003,18258,27800000,162.4,6.3,-8.870967741935484,3.645161290322581,42.41935483870968,-35.03225806451613,-26.419354838709676,7.903225806451613,2021,NA,NA,NA,NA,NA,NA,NA,NA,NA
2021-11-01,Seattle,11.12,266.70000000000005,7944,7277228,3.9352,3.9,-19.233333333333334,-9.666666666666666,-7.166666666666665,-36.03333333333333,-38.666666666666664,11.2,2021,0.00932628782207738,0.05346529113599967,0.4634073971086049,0.01133888733935869,0.04016890915241075,0.00105292695891465,1,0.0366650869936392,0.38337053618737016
2021-11-01,Portland,11.976666666666668,268,3128,4005251,3.7744,3.4,-19.133333333333333,-3.6333333333333333,1.1666666666666672,-29.666666666666668,-33.766666666666666,8.466666666666667,2021,0.02406634327762464,0.06998727418726197,0.4981216512563805,0.00887989368546111,0.04016613994637314,0.0018994801669852,1,0.03444891595798134,0.3212023310307908
2021-11-01,Vancouver,8.733333333333334,499.80000000000007,12142,30600000,159.8,5.9,-9.1,2.066666666666667,16.4,-36.9,-26.366666666666667,9.233333333333333,2021,NA,NA,NA,NA,NA,NA,NA,NA,NA
2021-12-01,Seattle,5.783870967741936,161.89999999999998,26927,6521350,3.89925,3.7,-22.67741935483871,-9.548387096774194,-17.032258064516128,-39,-44.87096774193548,13.32258064516129,2021,0.00932628782207738,0.05346529113599967,0.4634073971086049,0.01133888733935869,0.04016890915241075,0.00105292695891465,1,0.0366650869936392,0.38337053618737016
2021-12-01,Portland,6.370967741935484,241.19999999999996,5382,4019524,3.75275,3.5,-20.580645161290324,-3.516129032258065,-7.387096774193545,-32.064516129032256,-37.193548387096776,9.677419354838708,2021,0.02406634327762464,0.06998727418726197,0.4981216512563805,0.00887989368546111,0.04016613994637314,0.0018994801669852,1,0.03444891595798134,0.3212023310307908
2021-12-01,Vancouver,3.25483870967742,229.59999999999997,36037,26900000,157.2,5.6,-7.806451612903226,6.064516129032259,20.516129032258064,-38.61290322580645,-34.87096774193548,10.677419354838708,2021,NA,NA,NA,NA,NA,NA,NA,NA,NA
2022-01-01,Seattle,8.012903225806452,209.2,145202,6321621,3.9974,3.6,-28.35483870967742,-16.612903225806452,-10.45161290322581,-46.16129032258065,-38.38709677419355,13.903225806451612,2022,0.0110146251178957,0.06569483227546567,0.5066574259566595,0.00749852958143295,0.06329617416855797,9.79472230671358e-4,1,0.03870448257806127,0.304618284180878
2022-01-01,Portland,8.548387096774194,172.79999999999998,36796,3821526,3.7958,4.2,-28,-10.419354838709678,-6.193548387096777,-39.25806451612903,-33.096774193548384,10.67741935483871,2022,0.02682288813410759,0.0708292246448267,0.5241362623717176,0.01199737043935575,0.05697837916803622,0.00102032431247945,1,0.048685676198824,0.25816487710456154
2022-01-01,Vancouver,6.038709677419355,255.1,65733,21000000,170.5,5.5,-21.483870967741936,-4.451612903225805,12.09677419354839,-45.483870967741936,-32.83870967741935,13.129032258064516,2022,NA,NA,NA,NA,NA,NA,NA,NA,NA
2022-02-01,Seattle,8.164285714285715,106,19796,6452613,4.05275,3.6,-23.75,-14.642857142857142,0.8928571428571449,-41.535714285714285,-35.892857142857146,10.928571428571429,2022,0.0110146251178957,0.06569483227546567,0.5066574259566595,0.00749852958143295,0.06329617416855797,9.79472230671358e-4,1,0.03870448257806127,0.304618284180878
2022-02-01,Portland,9.467857142857143,86.60000000000001,7417,3740054,3.86475,3.9,-21.392857142857142,-8.178571428571427,3.2857142857142843,-36.5,-29.428571428571427,7.964285714285714,2022,0.02682288813410759,0.0708292246448267,0.5241362623717176,0.01199737043935575,0.05697837916803622,0.00102032431247945,1,0.048685676198824,0.25816487710456154
2022-02-01,Vancouver,6.428571428571429,92.7,22454,23000000,177.1,5.2,-12.785714285714286,-2.0714285714285716,38.5,-38.285714285714285,-26.285714285714285,9.142857142857142,2022,NA,NA,NA,NA,NA,NA,NA,NA,NA
2022-03-01,Seattle,10.86774193548387,87.49999999999999,8058,7886607,4.71075,3.6,-21.870967741935484,-15.67741935483871,5.161290322580647,-38.16129032258065,-34.16129032258065,9,2022,0.0110146251178957,0.06569483227546567,0.5066574259566595,0.00749852958143295,0.06329617416855797,9.79472230671358e-4,1,0.03870448257806127,0.304618284180878
2022-03-01,Portland,12.687096774193549,113.9,2264,4444231,4.62175,3.8,-20.129032258064516,-9.258064516129032,6.93548387096774,-36.096774193548384,-29.548387096774192,6.612903225806452,2022,0.02682288813410759,0.0708292246448267,0.5241362623717176,0.01199737043935575,0.05697837916803622,0.00102032431247945,1,0.048685676198824,0.25816487710456154
2022-03-01,Vancouver,8.903225806451612,201.6,7730,28800000,198.3,5.1,-11.258064516129032,-3.709677419354839,28.774193548387093,-37.096774193548384,-25.612903225806452,7.451612903225806,2022,NA,NA,NA,NA,NA,NA,NA,NA,NA
2022-04-01,Seattle,11.88,90.6,20644,8019678,4.679,3.6,-20.233333333333334,-13.2,10.833333333333332,-32.56666666666667,-34.1,7.533333333333333,2022,0.0110146251178957,0.06569483227546567,0.5066574259566595,0.00749852958143295,0.06329617416855797,9.79472230671358e-4,1,0.03870448257806127,0.304618284180878
2022-04-01,Portland,12.1,189.59999999999997,5754,4356103,4.640000000000001,3.3,-19.2,-7.166666666666666,7.4,-32.266666666666666,-27.666666666666668,5.833333333333333,2022,0.02682288813410759,0.0708292246448267,0.5241362623717176,0.01199737043935575,0.05697837916803622,0.00102032431247945,1,0.048685676198824,0.25816487710456154
2022-04-01,Vancouver,10.266666666666667,149.90000000000003,8719,28100000,198.5,5,-7.666666666666666,0,38.16666666666667,-33.8,-24.933333333333334,6.366666666666666,2022,NA,NA,NA,NA,NA,NA,NA,NA,NA
2022-05-01,Seattle,14.738709677419354,119.59999999999997,37224,8449438,4.9914,3.6,-17.096774193548388,-9.741935483870968,21.225806451612907,-29.483870967741936,-34.45161290322581,7.290322580645161,2022,0.0110146251178957,0.06569483227546567,0.5066574259566595,0.00749852958143295,0.06329617416855797,9.79472230671358e-4,1,0.03870448257806127,0.304618284180878
2022-05-01,Portland,15.658064516129032,193.4,11925,4533777,4.8852,3.2,-17.870967741935484,-5.290322580645162,20.677419354838708,-29.838709677419356,-29.096774193548388,5.354838709677419,2022,0.02682288813410759,0.0708292246448267,0.5241362623717176,0.01199737043935575,0.05697837916803622,0.00102032431247945,1,0.048685676198824,0.25816487710456154
2022-05-01,Vancouver,13.035483870967742,131.60000000000005,6143,31000000,220.1,5.1,-3.9032258064516134,3.838709677419355,54.16129032258065,-27.677419354838708,-24.193548387096776,5.32258064516129,2022,NA,NA,NA,NA,NA,NA,NA,NA,NA
2022-06-01,Seattle,19.186666666666667,78.19999999999999,30495,8723721,5.486000000000001,3.6,-14.533333333333333,-7.466666666666667,40.06666666666667,-24.266666666666666,-36.266666666666666,7.166666666666667,2022,0.0110146251178957,0.06569483227546567,0.5066574259566595,0.00749852958143295,0.06329617416855797,9.79472230671358e-4,1,0.03870448257806127,0.304618284180878
2022-06-01,Portland,21.153333333333332,135.6,9902,4591376,5.36275,3.5,-15.666666666666666,-3.666666666666667,41,-26.133333333333333,-31.433333333333334,5.1,2022,0.02682288813410759,0.0708292246448267,0.5241362623717176,0.01199737043935575,0.05697837916803622,0.00102032431247945,1,0.048685676198824,0.25816487710456154
2022-06-01,Vancouver,17.89,108.4,2874,31200000,225.4,4.9,-1,5.300000000000001,73.53333333333333,-19.6,-22.6,4.466666666666667,2022,NA,NA,NA,NA,NA,NA,NA,NA,NA
2022-07-01,Seattle,24.13225806451613,8.399999999999999,24601,8705521,5.239,3.7,-15.322580645161292,-7.129032258064516,62.516129032258064,-21.32258064516129,-38.516129032258064,6.709677419354839,2022,0.0110146251178957,0.06569483227546567,0.5066574259566595,0.00749852958143295,0.06329617416855797,9.79472230671358e-4,1,0.03870448257806127,0.304618284180878
2022-07-01,Portland,28.587096774193547,9.499999999999998,7842,4585720,5.1555,3.7,-18.451612903225808,-3.838709677419355,53.064516129032256,-25.516129032258064,-33.903225806451616,4.870967741935484,2022,0.02682288813410759,0.0708292246448267,0.5241362623717176,0.01199737043935575,0.05697837916803622,0.00102032431247945,1,0.048685676198824,0.25816487710456154
2022-07-01,Vancouver,21.73870967741935,53.3,3917,30600000,202.4,4.8,-2.387096774193549,4.870967741935484,102.48387096774194,-17.419354838709676,-28.548387096774192,4.387096774193548,2022,NA,NA,NA,NA,NA,NA,NA,NA,NA
2022-08-01,Seattle,25.732258064516127,15,14210,9038247,4.8448,3.8,-13.161290322580646,-7.161290322580646,56.38709677419355,-19.483870967741936,-38.354838709677416,7.419354838709678,2022,0.0110146251178957,0.06569483227546567,0.5066574259566595,0.00749852958143295,0.06329617416855797,9.79472230671358e-4,1,0.03870448257806127,0.304618284180878
2022-08-01,Portland,30.587096774193547,3.1,4646,4812895,4.729,3.9,-16.806451612903224,-3.6774193548387095,47.774193548387096,-23.129032258064516,-33.12903225806452,5.516129032258064,2022,0.02682288813410759,0.0708292246448267,0.5241362623717176,0.01199737043935575,0.05697837916803622,0.00102032431247945,1,0.048685676198824,0.25816487710456154
2022-08-01,Vancouver,23.693548387096776,19,2262,31100000,193.2,4.6,-0.516129032258065,6.483870967741935,104.35483870967742,-17.193548387096776,-29.06451612903226,5.548387096774194,2022,NA,NA,NA,NA,NA,NA,NA,NA,NA
2022-09-01,Seattle,22.326666666666668,10.5,9991,9021744,4.70725,3.9,-15.533333333333333,-8.6,30.8,-19.866666666666667,-37.4,6.5,2022,0.0110146251178957,0.06569483227546567,0.5066574259566595,0.00749852958143295,0.06329617416855797,9.79472230671358e-4,1,0.03870448257806127,0.304618284180878
2022-09-01,Portland,26.833333333333332,24.5,3326,4791412,4.5875,3.5,-18.2,-3.9666666666666663,32.63333333333334,-22.433333333333334,-32.13333333333333,4.533333333333333,2022,0.02682288813410759,0.0708292246448267,0.5241362623717176,0.01199737043935575,0.05697837916803622,0.00102032431247945,1,0.048685676198824,0.25816487710456154
2022-09-01,Vancouver,20.15,17.700000000000003,1846,37100000,205.7,4.4,-0.8,5.533333333333333,74.5,-14.466666666666667,-27.866666666666667,4.533333333333333,2022,NA,NA,NA,NA,NA,NA,NA,NA,NA
2022-10-01,Seattle,17.64516129032258,84.4,6950,9615132,5.2278,4,-17.466666666666665,-10.533333333333333,20.533333333333335,-20.733333333333334,-32.333333333333336,6.2,2022,0.0110146251178957,0.06569483227546567,0.5066574259566595,0.00749852958143295,0.06329617416855797,9.79472230671358e-4,1,0.03870448257806127,0.304618284180878
2022-10-01,Portland,21.083870967741937,92.7,2822,5077329,4.9948,3.5,-18.4,-3.1333333333333333,27.466666666666665,-21.6,-27.6,4.066666666666666,2022,0.02682288813410759,0.0708292246448267,0.5241362623717176,0.01199737043935575,0.05697837916803622,0.00102032431247945,1,0.048685676198824,0.25816487710456154
2022-10-01,Vancouver,15.709677419354838,157.9,2337,37000000,206.9,4.5,-4,5.533333333333333,65.8,-14.466666666666667,-24.466666666666665,4.4,2022,NA,NA,NA,NA,NA,NA,NA,NA,NA
2022-11-01,Seattle,8.363333333333333,131.3,5806,8496553,4.7985,4,NA,NA,NA,NA,NA,NA,2022,0.0110146251178957,0.06569483227546567,0.5066574259566595,0.00749852958143295,0.06329617416855797,9.79472230671358e-4,1,0.03870448257806127,0.304618284180878
2022-11-01,Portland,8.3,189.3,3715,4602359,4.56075,3.6,NA,NA,NA,NA,NA,NA,2022,0.02682288813410759,0.0708292246448267,0.5241362623717176,0.01199737043935575,0.05697837916803622,0.00102032431247945,1,0.048685676198824,0.25816487710456154
2022-11-01,Vancouver,6.54,136.40000000000003,1590,36300000,183.5,4.6,NA,NA,NA,NA,NA,NA,2022,NA,NA,NA,NA,NA,NA,NA,NA,NA
2022-12-01,Seattle,5.964516129032258,190.5,6737,7726013,4.14975,3.9,NA,NA,NA,NA,NA,NA,2022,0.0110146251178957,0.06569483227546567,0.5066574259566595,0.00749852958143295,0.06329617416855797,9.79472230671358e-4,1,0.03870448257806127,0.304618284180878
2022-12-01,Portland,5.729032258064516,255.8,2857,4396992,3.9362500000000002,3.5,NA,NA,NA,NA,NA,NA,2022,0.02682288813410759,0.0708292246448267,0.5241362623717176,0.01199737043935575,0.05697837916803622,0.00102032431247945,1,0.048685676198824,0.25816487710456154
2022-12-01,Vancouver,3.509677419354839,253.3,2519,32100000,164.1,4.7,NA,NA,NA,NA,NA,NA,2022,NA,NA,NA,NA,NA,NA,NA,NA,NA
2023-01-01,Seattle,8.280645161290323,115.4,6015,8953594,4.0788,3.9,NA,NA,NA,NA,NA,NA,2023,0.01229773204753571,0.07723954824332352,0.5317150568283747,0.00982207994642067,0.08029564309149548,0.00126054942733103,1,0.04513261282953879,0.24007845544822856
2023-01-01,Portland,7.725806451612903,128.89999999999998,1627,4634478,3.7626,3.9,NA,NA,NA,NA,NA,NA,2023,0.03204038015551817,0.08570324223545996,0.5304465463144014,0.01030194170342412,0.05656859624391797,0.00217134282206357,1,0.04518894093038061,0.23556454913373653
2023-01-01,Vancouver,6.712903225806452,168.49999999999997,1266,37600000,179.3,4.7,NA,NA,NA,NA,NA,NA,2023,NA,NA,NA,NA,NA,NA,NA,NA,NA
2023-02-01,Seattle,7.667857142857143,63.900000000000006,4118,8315386,4.273,3.9,NA,NA,NA,NA,NA,NA,2023,0.01229773204753571,0.07723954824332352,0.5317150568283747,0.00982207994642067,0.08029564309149548,0.00126054942733103,1,0.04513261282953879,0.24007845544822856
2023-02-01,Portland,7.275,130.79999999999998,1432,4446647,3.88675,3.8,NA,NA,NA,NA,NA,NA,2023,0.03204038015551817,0.08570324223545996,0.5304465463144014,0.01030194170342412,0.05656859624391797,0.00217134282206357,1,0.04518894093038061,0.23556454913373653
2023-02-01,Vancouver,5.321428571428571,141.5,1105,34700000,183.3,5,NA,NA,NA,NA,NA,NA,2023,NA,NA,NA,NA,NA,NA,NA,NA,NA
2023-03-01,Seattle,10.07741935483871,86.39999999999999,3303,9709710,4.35625,3.9,NA,NA,NA,NA,NA,NA,2023,0.01229773204753571,0.07723954824332352,0.5317150568283747,0.00982207994642067,0.08029564309149548,0.00126054942733103,1,0.04513261282953879,0.24007845544822856
2023-03-01,Portland,9.661290322580644,155.49999999999997,1101,5138327,4.0024999999999995,3.5,NA,NA,NA,NA,NA,NA,2023,0.03204038015551817,0.08570324223545996,0.5304465463144014,0.01030194170342412,0.05656859624391797,0.00217134282206357,1,0.04518894093038061,0.23556454913373653
2023-03-01,Vancouver,8.641935483870968,96.4,1233,40400000,183,5.2,NA,NA,NA,NA,NA,NA,2023,NA,NA,NA,NA,NA,NA,NA,NA,NA
2023-04-01,Seattle,11.87,129.29999999999998,NA,9384511,4.47425,3.9,NA,NA,NA,NA,NA,NA,2023,0.01229773204753571,0.07723954824332352,0.5317150568283747,0.00982207994642067,0.08029564309149548,0.00126054942733103,1,0.04513261282953879,0.24007845544822856
2023-04-01,Portland,13.02,197.50000000000003,NA,4931348,4.168,2.9,NA,NA,NA,NA,NA,NA,2023,0.03204038015551817,0.08570324223545996,0.5304465463144014,0.01030194170342412,0.05656859624391797,0.00217134282206357,1,0.04518894093038061,0.23556454913373653
2023-04-01,Vancouver,10.163333333333332,184.4000000000001,2150,36700000,188.9,5.4,NA,NA,NA,NA,NA,NA,2023,NA,NA,NA,NA,NA,NA,NA,NA,NA
2023-05-01,Seattle,19.638709677419357,20.4,NA,10148057,4.6411999999999995,3.9,NA,NA,NA,NA,NA,NA,2023,0.01229773204753571,0.07723954824332352,0.5317150568283747,0.00982207994642067,0.08029564309149548,0.00126054942733103,1,0.04513261282953879,0.24007845544822856
2023-05-01,Portland,21.79032258064516,34.50000000000001,NA,5332784,4.2986,3.1,NA,NA,NA,NA,NA,NA,2023,0.03204038015551817,0.08570324223545996,0.5304465463144014,0.01030194170342412,0.05656859624391797,0.00217134282206357,1,0.04518894093038061,0.23556454913373653
2023-05-01,Vancouver,18.09032258064516,31.500000000000004,951,40500000,187.8,5.2,NA,NA,NA,NA,NA,NA,2023,NA,NA,NA,NA,NA,NA,NA,NA,NA
2023-06-01,Seattle,21.23,33.1,NA,10024651,4.79425,3.9,NA,NA,NA,NA,NA,NA,2023,0.01229773204753571,0.07723954824332352,0.5317150568283747,0.00982207994642067,0.08029564309149548,0.00126054942733103,1,0.04513261282953879,0.24007845544822856
2023-06-01,Portland,24.196666666666665,34.4,NA,5160273,4.43375,3.3,NA,NA,NA,NA,NA,NA,2023,0.03204038015551817,0.08570324223545996,0.5304465463144014,0.01030194170342412,0.05656859624391797,0.00217134282206357,1,0.04518894093038061,0.23556454913373653
2023-06-01,Vancouver,19.386666666666667,36.900000000000006,519,39100000,202,5.5,NA,NA,NA,NA,NA,NA,2023,NA,NA,NA,NA,NA,NA,NA,NA,NA
2023-07-01,Seattle,25.451612903225808,5.000000000000001,NA,10352361,4.9772,4,NA,NA,NA,NA,NA,NA,2023,0.01229773204753571,0.07723954824332352,0.5317150568283747,0.00982207994642067,0.08029564309149548,0.00126054942733103,1,0.04513261282953879,0.24007845544822856
2023-07-01,Portland,29.46451612903226,2.4,NA,5182364,4.5074,3.6,NA,NA,NA,NA,NA,NA,2023,0.03204038015551817,0.08570324223545996,0.5304465463144014,0.01030194170342412,0.05656859624391797,0.00217134282206357,1,0.04518894093038061,0.23556454913373653
2023-07-01,Vancouver,23.358064516129033,21.300000000000004,616,38000000,197,5.6,NA,NA,NA,NA,NA,NA,2023,NA,NA,NA,NA,NA,NA,NA,NA,NA
2023-08-01,Seattle,25.60322580645161,29.6,NA,10080018,5.1085,4,NA,NA,NA,NA,NA,NA,2023,0.01229773204753571,0.07723954824332352,0.5317150568283747,0.00982207994642067,0.08029564309149548,0.00126054942733103,1,0.04513261282953879,0.24007845544822856
2023-08-01,Portland,30.12258064516129,25.6,NA,5550492,4.64025,3.9,NA,NA,NA,NA,NA,NA,2023,0.03204038015551817,0.08570324223545996,0.5304465463144014,0.01030194170342412,0.05656859624391797,0.00217134282206357,1,0.04518894093038061,0.23556454913373653
2023-08-01,Vancouver,23.193548387096772,23.4,730,38000000,206.9,5.8,NA,NA,NA,NA,NA,NA,2023,NA,NA,NA,NA,NA,NA,NA,NA,NA
2023-09-01,Seattle,20.17,78.6,NA,9676606,5.10325,4.1,NA,NA,NA,NA,NA,NA,2023,0.01229773204753571,0.07723954824332352,0.5317150568283747,0.00982207994642067,0.08029564309149548,0.00126054942733103,1,0.04513261282953879,0.24007845544822856
2023-09-01,Portland,23.22,76.69999999999999,NA,5297790,4.7285,3.5,NA,NA,NA,NA,NA,NA,2023,0.03204038015551817,0.08570324223545996,0.5304465463144014,0.01030194170342412,0.05656859624391797,0.00217134282206357,1,0.04518894093038061,0.23556454913373653
2023-09-01,Vancouver,18.243333333333332,101.5,2698,44200000,203.6,6,NA,NA,NA,NA,NA,NA,2023,NA,NA,NA,NA,NA,NA,NA,NA,NA
2023-10-01,Seattle,15.464516129032258,85.60000000000001,NA,10830269,4.923,4.2,NA,NA,NA,NA,NA,NA,2023,0.01229773204753571,0.07723954824332352,0.5317150568283747,0.00982207994642067,0.08029564309149548,0.00126054942733103,1,0.04513261282953879,0.24007845544822856
2023-10-01,Portland,17.274193548387096,116.4,NA,5672115,4.6092,3.5,NA,NA,NA,NA,NA,NA,2023,0.03204038015551817,0.08570324223545996,0.5304465463144014,0.01030194170342412,0.05656859624391797,0.00217134282206357,1,0.04518894093038061,0.23556454913373653
2023-10-01,Vancouver,13.574193548387097,189.99999999999997,1772,44100000,182.3,5.9,NA,NA,NA,NA,NA,NA,2023,NA,NA,NA,NA,NA,NA,NA,NA,NA
2023-11-01,Seattle,10.176666666666666,143.29999999999998,NA,9903814,4.5337499999999995,4.3,NA,NA,NA,NA,NA,NA,2023,0.01229773204753571,0.07723954824332352,0.5317150568283747,0.00982207994642067,0.08029564309149548,0.00126054942733103,1,0.04513261282953879,0.24007845544822856
2023-11-01,Portland,11.09,169.49999999999997,NA,5161594,4.19175,3.5,NA,NA,NA,NA,NA,NA,2023,0.03204038015551817,0.08570324223545996,0.5304465463144014,0.01030194170342412,0.05656859624391797,0.00217134282206357,1,0.04518894093038061,0.23556454913373653
2023-11-01,Vancouver,8.629999999999999,253.50000000000009,1223,43100000,178.7,6,NA,NA,NA,NA,NA,NA,2023,NA,NA,NA,NA,NA,NA,NA,NA,NA
2023-12-01,Seattle,9.651612903225807,216.1,NA,9079507,4.305,4.4,NA,NA,NA,NA,NA,NA,2023,0.01229773204753571,0.07723954824332352,0.5317150568283747,0.00982207994642067,0.08029564309149548,0.00126054942733103,1,0.04513261282953879,0.24007845544822856
2023-12-01,Portland,9.493548387096777,295.2,NA,5421843,3.90325,3.9,NA,NA,NA,NA,NA,NA,2023,0.03204038015551817,0.08570324223545996,0.5304465463144014,0.01030194170342412,0.05656859624391797,0.00217134282206357,1,0.04518894093038061,0.23556454913373653
2023-12-01,Vancouver,7.854838709677419,279.4999999999999,1260,38000000,171.7,6,NA,NA,NA,NA,NA,NA,2023,NA,NA,NA,NA,NA,NA,NA,NA,NA
2024-01-01,Seattle,7.532258064516129,226.4,NA,9665620,4.128,4.4,NA,NA,NA,NA,NA,NA,2024,0.01425345487357281,0.08311713495314008,0.5398133422158419,0.00745161144029562,0.08477635000836645,0.00149501375381377,1,0.05521542428834374,0.21163436592494592
2024-01-01,Portland,6.841935483870968,322.70000000000005,NA,4786287,3.7044,4.4,NA,NA,NA,NA,NA,NA,2024,0.02680574402273485,0.07777869155804104,0.5490174577719296,0.00930685198130405,0.06692069757985297,8.521000954900375e-4,1,0.03886307459645179,0.2256054936469427
2024-01-01,Vancouver,5.287096774193548,321.3,1474,38700000,168.8,5.9,NA,NA,NA,NA,NA,NA,2024,NA,NA,NA,NA,NA,NA,NA,NA,NA
2024-02-01,Seattle,8.937931034482759,108.5,NA,9519081,4.03975,4.4,NA,NA,NA,NA,NA,NA,2024,0.01425345487357281,0.08311713495314008,0.5398133422158419,0.00745161144029562,0.08477635000836645,0.00149501375381377,1,0.05521542428834374,0.21163436592494592
2024-02-01,Portland,10.089655172413794,172.30000000000004,NA,5270179,3.665,4.4,NA,NA,NA,NA,NA,NA,2024,0.02680574402273485,0.07777869155804104,0.5490174577719296,0.00930685198130405,0.06692069757985297,8.521000954900375e-4,1,0.03886307459645179,0.2256054936469427
2024-02-01,Vancouver,7.289655172413793,144.9,1260,43600000,175.8,5.6,NA,NA,NA,NA,NA,NA,2024,NA,NA,NA,NA,NA,NA,NA,NA,NA
2024-03-01,Seattle,11.196774193548388,88.7,NA,10597812,4.31525,4.3,NA,NA,NA,NA,NA,NA,2024,0.01425345487357281,0.08311713495314008,0.5398133422158419,0.00745161144029562,0.08477635000836645,0.00149501375381377,1,0.05521542428834374,0.21163436592494592
2024-03-01,Portland,12.44516129032258,134.4,NA,5513571,3.99525,4.2,NA,NA,NA,NA,NA,NA,2024,0.02680574402273485,0.07777869155804104,0.5490174577719296,0.00930685198130405,0.06692069757985297,8.521000954900375e-4,1,0.03886307459645179,0.2256054936469427
2024-03-01,Vancouver,8.961290322580645,156.4,1485,42900000,196.2,5.5,NA,NA,NA,NA,NA,NA,2024,NA,NA,NA,NA,NA,NA,NA,NA,NA
2024-04-01,Seattle,13.26,41.5,NA,10980872,4.680400000000001,4.3,NA,NA,NA,NA,NA,NA,2024,0.01425345487357281,0.08311713495314008,0.5398133422158419,0.00745161144029562,0.08477635000836645,0.00149501375381377,1,0.05521542428834374,0.21163436592494592
2024-04-01,Portland,14.93,80.10000000000001,NA,5611757,4.3846,3.5,NA,NA,NA,NA,NA,NA,2024,0.02680574402273485,0.07777869155804104,0.5490174577719296,0.00930685198130405,0.06692069757985297,8.521000954900375e-4,1,0.03886307459645179,0.2256054936469427
2024-04-01,Vancouver,11.426666666666666,111.50000000000004,759,42100000,210.2,5.5,NA,NA,NA,NA,NA,NA,2024,NA,NA,NA,NA,NA,NA,NA,NA,NA
2024-05-01,Seattle,16.661290322580644,56.2,NA,11604469,4.6915,4.3,NA,NA,NA,NA,NA,NA,2024,0.01425345487357281,0.08311713495314008,0.5398133422158419,0.00745161144029562,0.08477635000836645,0.00149501375381377,1,0.05521542428834374,0.21163436592494592
2024-05-01,Portland,17.93225806451613,103.5,NA,5720782,4.34725,3.6,NA,NA,NA,NA,NA,NA,2024,0.02680574402273485,0.07777869155804104,0.5490174577719296,0.00930685198130405,0.06692069757985297,8.521000954900375e-4,1,0.03886307459645179,0.2256054936469427
2024-05-01,Vancouver,15.03225806451613,92,1043,43600000,199.9,5.7,NA,NA,NA,NA,NA,NA,2024,NA,NA,NA,NA,NA,NA,NA,NA,NA
2024-06-01,Seattle,19.76,57.400000000000006,NA,10743613,4.46325,4.2,NA,NA,NA,NA,NA,NA,2024,0.01425345487357281,0.08311713495314008,0.5398133422158419,0.00745161144029562,0.08477635000836645,0.00149501375381377,1,0.05521542428834374,0.21163436592494592
2024-06-01,Portland,22.58,47.20000000000001,NA,5596643,4.0905000000000005,3.8,NA,NA,NA,NA,NA,NA,2024,0.02680574402273485,0.07777869155804104,0.5490174577719296,0.00930685198130405,0.06692069757985297,8.521000954900375e-4,1,0.03886307459645179,0.2256054936469427
2024-06-01,Vancouver,17.94,97.09999999999998,0,40600000,184.7,5.7,NA,NA,NA,NA,NA,NA,2024,NA,NA,NA,NA,NA,NA,NA,NA,NA
2024-07-01,Seattle,26.151612903225807,16.5,NA,11289280,4.3464,4.1,NA,NA,NA,NA,NA,NA,2024,0.01425345487357281,0.08311713495314008,0.5398133422158419,0.00745161144029562,0.08477635000836645,0.00149501375381377,1,0.05521542428834374,0.21163436592494592
2024-07-01,Portland,30.374193548387098,7.4,NA,5498145,3.9524,4.4,NA,NA,NA,NA,NA,NA,2024,0.02680574402273485,0.07777869155804104,0.5490174577719296,0.00930685198130405,0.06692069757985297,8.521000954900375e-4,1,0.03886307459645179,0.2256054936469427
2024-07-01,Vancouver,23.429032258064517,14.3,0,41200000,181.9,5.9,NA,NA,NA,NA,NA,NA,2024,NA,NA,NA,NA,NA,NA,NA,NA,NA
2024-08-01,Seattle,23.941935483870967,48.10000000000001,NA,11166560,4.276,4.1,NA,NA,NA,NA,NA,NA,2024,0.01425345487357281,0.08311713495314008,0.5398133422158419,0.00745161144029562,0.08477635000836645,0.00149501375381377,1,0.05521542428834374,0.21163436592494592
2024-08-01,Portland,27.883870967741935,18.4,NA,5615539,3.85725,4.3,NA,NA,NA,NA,NA,NA,2024,0.02680574402273485,0.07777869155804104,0.5490174577719296,0.00930685198130405,0.06692069757985297,8.521000954900375e-4,1,0.03886307459645179,0.2256054936469427
2024-08-01,Vancouver,21.98064516129032,78.10000000000001,0,40000000,177.5,6,NA,NA,NA,NA,NA,NA,2024,NA,NA,NA,NA,NA,NA,NA,NA,NA
2024-09-01,Seattle,20.603333333333335,38.9,NA,11316948,4.2402,4.1,NA,NA,NA,NA,NA,NA,2024,0.01425345487357281,0.08311713495314008,0.5398133422158419,0.00745161144029562,0.08477635000836645,0.00149501375381377,1,0.05521542428834374,0.21163436592494592
2024-09-01,Portland,24.55666666666667,45.7,NA,5357842,3.7976,3.8,NA,NA,NA,NA,NA,NA,2024,0.02680574402273485,0.07777869155804104,0.5490174577719296,0.00930685198130405,0.06692069757985297,8.521000954900375e-4,1,0.03886307459645179,0.2256054936469427
2024-09-01,Vancouver,18.286666666666665,73.10000000000001,NA,45600000,174,6.1,NA,NA,NA,NA,NA,NA,2024,NA,NA,NA,NA,NA,NA,NA,NA,NA
2024-10-01,Seattle,15.332258064516129,120.5,NA,12503750,4.1594999999999995,4,NA,NA,NA,NA,NA,NA,2024,0.01425345487357281,0.08311713495314008,0.5398133422158419,0.00745161144029562,0.08477635000836645,0.00149501375381377,1,0.05521542428834374,0.21163436592494592
2024-10-01,Portland,17.558064516129033,156.60000000000002,NA,5986474,3.717,3.8,NA,NA,NA,NA,NA,NA,2024,0.02680574402273485,0.07777869155804104,0.5490174577719296,0.00930685198130405,0.06692069757985297,8.521000954900375e-4,1,0.03886307459645179,0.2256054936469427
2024-10-01,Vancouver,13.083870967741936,314.7,NA,47800000,175.1,6.2,NA,NA,NA,NA,NA,NA,2024,NA,NA,NA,NA,NA,NA,NA,NA,NA
2024-11-01,Seattle,10.21,153.1,NA,10937116,4.11525,4,NA,NA,NA,NA,NA,NA,2024,0.01425345487357281,0.08311713495314008,0.5398133422158419,0.00745161144029562,0.08477635000836645,0.00149501375381377,1,0.05521542428834374,0.21163436592494592
2024-11-01,Portland,10.446666666666667,274.80000000000007,NA,5332972,3.6415,4,NA,NA,NA,NA,NA,NA,2024,0.02680574402273485,0.07777869155804104,0.5490174577719296,0.00930685198130405,0.06692069757985297,8.521000954900375e-4,1,0.03886307459645179,0.2256054936469427
2024-11-01,Vancouver,8.163333333333334,336.59999999999997,NA,43100000,174.2,6.3,NA,NA,NA,NA,NA,NA,2024,NA,NA,NA,NA,NA,NA,NA,NA,NA
2024-12-01,Seattle,9.161290322580646,206.3,NA,10262758,4.0438,4.1,NA,NA,NA,NA,NA,NA,2024,0.01425345487357281,0.08311713495314008,0.5398133422158419,0.00745161144029562,0.08477635000836645,0.00149501375381377,1,0.05521542428834374,0.21163436592494592
2024-12-01,Portland,9.196774193548388,270.49999999999994,NA,5139581,3.551,4.1,NA,NA,NA,NA,NA,NA,2024,0.02680574402273485,0.07777869155804104,0.5490174577719296,0.00930685198130405,0.06692069757985297,8.521000954900375e-4,1,0.03886307459645179,0.2256054936469427
2024-12-01,Vancouver,7.667741935483871,278.9,NA,39000000,171.1,6.4,NA,NA,NA,NA,NA,NA,2024,NA,NA,NA,NA,NA,NA,NA,NA,NA
2025-01-01,Seattle,6.809677419354839,56.4,NA,11568782,4.03475,4,NA,NA,NA,NA,NA,NA,2025,NA,NA,NA,NA,NA,NA,NA,NA,NA
2025-01-01,Portland,7.525806451612903,102.8,NA,5296315,3.5605,5,NA,NA,NA,NA,NA,NA,2025,NA,NA,NA,NA,NA,NA,NA,NA,NA
2025-01-01,Vancouver,5.541935483870968,67.2,NA,42300000,181.8,6.5,NA,NA,NA,NA,NA,NA,2025,NA,NA,NA,NA,NA,NA,NA,NA,NA
2025-02-01,Seattle,7.564285714285714,131.2,NA,10062884,4.17675,4.1,NA,NA,NA,NA,NA,NA,2025,NA,NA,NA,NA,NA,NA,NA,NA,NA
2025-02-01,Portland,8.239285714285714,171.79999999999998,NA,4824199,3.7085,5,NA,NA,NA,NA,NA,NA,2025,NA,NA,NA,NA,NA,NA,NA,NA,NA
2025-02-01,Vancouver,4.6,141,NA,37500000,188.4,6.7,NA,NA,NA,NA,NA,NA,2025,NA,NA,NA,NA,NA,NA,NA,NA,NA
2025-03-01,Seattle,11.832258064516129,143.00000000000003,NA,11922203,4.1992,4.2,NA,NA,NA,NA,NA,NA,2025,NA,NA,NA,NA,NA,NA,NA,NA,NA
2025-03-01,Portland,12.435483870967742,209.99999999999991,NA,5511316,3.7284,4.8,NA,NA,NA,NA,NA,NA,2025,NA,NA,NA,NA,NA,NA,NA,NA,NA
2025-03-01,Vancouver,9.332258064516129,306.59999999999997,NA,43100000,183.3,6.7,NA,NA,NA,NA,NA,NA,2025,NA,NA,NA,NA,NA,NA,NA,NA,NA
2025-04-01,Seattle,14.853333333333332,67.3,NA,12300165,4.382,4.3,NA,NA,NA,NA,NA,NA,2025,NA,NA,NA,NA,NA,NA,NA,NA,NA
2025-04-01,Portland,16.666666666666668,56.7,NA,5775414,3.8912500000000003,3.9,NA,NA,NA,NA,NA,NA,2025,NA,NA,NA,NA,NA,NA,NA,NA,NA
2025-04-01,Vancouver,12.846666666666668,79.59999999999998,NA,42500000,166.1,6.5,NA,NA,NA,NA,NA,NA,2025,NA,NA,NA,NA,NA,NA,NA,NA,NA
2025-05-01,Seattle,18.09032258064516,48.99999999999999,NA,12694226,4.372999999999999,4.4,NA,NA,NA,NA,NA,NA,2025,NA,NA,NA,NA,NA,NA,NA,NA,NA
2025-05-01,Portland,19.912903225806453,54.39999999999999,NA,5850601,3.89775,4.4,NA,NA,NA,NA,NA,NA,2025,NA,NA,NA,NA,NA,NA,NA,NA,NA
2025-05-01,Vancouver,16.18064516129032,107.3,NA,42800000,173.4,6.4,NA,NA,NA,NA,NA,NA,2025,NA,NA,NA,NA,NA,NA,NA,NA,NA
2025-06-01,Seattle,22.346666666666668,10.3,NA,12526269,4.4636000000000005,4.4,NA,NA,NA,NA,NA,NA,2025,NA,NA,NA,NA,NA,NA,NA,NA,NA
2025-06-01,Portland,24.42,37.5,NA,5622346,3.9422,4.7,NA,NA,NA,NA,NA,NA,2025,NA,NA,NA,NA,NA,NA,NA,NA,NA
2025-06-01,Vancouver,19.386666666666667,25,NA,41100000,165.6,6.2,NA,NA,NA,NA,NA,NA,2025,NA,NA,NA,NA,NA,NA,NA,NA,NA
2025-07-01,Seattle,25.861290322580647,3.7,NA,13108605,4.44125,4.3,NA,NA,NA,NA,NA,NA,2025,NA,NA,NA,NA,NA,NA,NA,NA,NA
2025-07-01,Portland,28.616129032258065,3.5,NA,5785105,3.911,5.1,NA,NA,NA,NA,NA,NA,2025,NA,NA,NA,NA,NA,NA,NA,NA,NA
2025-07-01,Vancouver,23.529032258064515,20.699999999999996,NA,41300000,164.2,6.2,NA,NA,NA,NA,NA,NA,2025,NA,NA,NA,NA,NA,NA,NA,NA,NA
2025-08-01,Seattle,25.177419354838708,40.9,NA,12818075,4.4365000000000006,4.3,NA,NA,NA,NA,NA,NA,2025,NA,NA,NA,NA,NA,NA,NA,NA,NA
2025-08-01,Portland,29.003225806451617,17.9,NA,5580680,3.91825,5.2,NA,NA,NA,NA,NA,NA,2025,NA,NA,NA,NA,NA,NA,NA,NA,NA
2025-08-01,Vancouver,22.993548387096773,81,NA,39200000,168.8,6.2,NA,NA,NA,NA,NA,NA,2025,NA,NA,NA,NA,NA,NA,NA,NA,NA
2025-09-01,Seattle,21.876666666666665,36.7,NA,12501903,4.5718,4.4,NA,NA,NA,NA,NA,NA,2025,NA,NA,NA,NA,NA,NA,NA,NA,NA
2025-09-01,Portland,24.866666666666667,37.7,NA,5602570,4.0558,5,NA,NA,NA,NA,NA,NA,2025,NA,NA,NA,NA,NA,NA,NA,NA,NA
2025-09-01,Vancouver,19.806666666666665,92.4,NA,44400000,171.5,6.3,NA,NA,NA,NA,NA,NA,2025,NA,NA,NA,NA,NA,NA,NA,NA,NA
2025-10-01,Seattle,14.57741935483871,103.79999999999998,NA,13291304,4.519,NA,NA,NA,NA,NA,NA,NA,2025,NA,NA,NA,NA,NA,NA,NA,NA,NA
2025-10-01,Portland,15.664516129032258,180.4,NA,5917991,3.97325,NA,NA,NA,NA,NA,NA,NA,2025,NA,NA,NA,NA,NA,NA,NA,NA,NA
2025-10-01,Vancouver,12.587096774193547,209.2,NA,44200000,161.8,6.3,NA,NA,NA,NA,NA,NA,2025,NA,NA,NA,NA,NA,NA,NA,NA,NA
2025-11-01,Seattle,11.63,161.59999999999997,NA,10444620,4.328,4.6,NA,NA,NA,NA,NA,NA,2025,NA,NA,NA,NA,NA,NA,NA,NA,NA
2025-11-01,Portland,11.97,207.8,NA,5077632,3.8127500000000003,4.8,NA,NA,NA,NA,NA,NA,2025,NA,NA,NA,NA,NA,NA,NA,NA,NA
2025-11-01,Vancouver,9.52,197.29999999999995,NA,41500000,161.7,6.2,NA,NA,NA,NA,NA,NA,2025,NA,NA,NA,NA,NA,NA,NA,NA,NA
2025-12-01,Seattle,9.703225806451613,232.2,NA,NA,4.1856,NA,NA,NA,NA,NA,NA,NA,2025,NA,NA,NA,NA,NA,NA,NA,NA,NA
2025-12-01,Portland,10.361290322580643,257.3,NA,NA,3.5886,NA,NA,NA,NA,NA,NA,NA,2025,NA,NA,NA,NA,NA,NA,NA,NA,NA
2025-12-01,Vancouver,6.912903225806452,390.6000000000001,NA,NA,147.4,6.3,NA,NA,NA,NA,NA,NA,2025,NA,NA,NA,NA,NA,NA,NA,NA,NA
